string,count
daaaabcc,4
daaaaccc,1
daaaadac,64
daaaadbc,13
daaaadcc,116
daaabdac,43
daaabdbc,11
daaabdcc,12
daaacdac,28
daaacdbc,12
daaacdcc,5
daaadbcc,1
daaaddac,9
daaaddbc,3
daaaeaac,1
daaaeacc,5
daaaebac,1
daaaebcc,9
daaaedac,3
daaaedcc,4
daabadac,4
daabadcc,4
daabadce,117
daabbdce,15
daabcbcc,1
daabcdac,6
daabcdce,7
daabddac,5
daabedac,2
daacadae,4
daacadbe,5
daacbdae,14
daacbdbe,13
daacbdce,1
daaccdae,11
daaccdbe,12
daacddae,1
daaceace,4
daacebce,3
daacedce,2
daadabce,2
daadadae,93
daadadbe,6
daadadce,1
daadbcce,1
daadbdae,32
daadbdbe,2
daadcace,2
daadcbce,2
daadcdae,31
daaddace,1
daaddbce,1
daadddae,14
daadddbe,1
daadeaae,2
daadedae,5
dabaaacc,3
dabaabcc,4
dabaaccc,1
dabaadac,78
dabaadbc,15
dabaadcc,69
dababbcc,1
dababdac,38
dababdbc,15
dababdcc,19
dabacacc,1
dabacbcc,9
dabacdac,74
dabacdbc,17
dabacdcc,5
dabadacc,3
dabadbcc,2
dabaddac,50
dabaddbc,10
dabaeacc,3
dabaebac,2
dabaebcc,7
dabaeccc,2
dabaedac,13
dabaedbc,1
dabaedcc,13
dabbadac,7
dabbadcc,2
dabbadce,65
dabbbbcc,1
dabbbdac,5
dabbbdbc,3
dabbbdcc,1
dabbbdce,12
dabbcbcc,1
dabbcdac,22
dabbcdbc,2
dabbcdcc,1
dabbcdce,7
dabbdbcc,1
dabbddac,18
dabbddbc,2
dabbebcc,1
dabbedac,2
dabcadae,6
dabcadbe,8
dabcadce,3
dabcbdae,21
dabcbdbe,7
dabcbdce,1
dabccdae,24
dabccdbe,17
dabccdce,2
dabcddae,2
dabcddbe,4
dabceace,3
dabcebce,5
dabcedce,14
dabdabce,1
dabdadae,79
dabdadbe,4
dabdbace,1
dabdbbce,5
dabdbdae,41
dabdbdbe,2
dabdcace,2
dabdcbce,5
dabdcdae,75
dabdcdbe,5
dabddbce,2
dabdddae,76
dabdddbe,14
dabdeaae,1
dabdedae,18
dabdedbe,1
dacaadac,3
dacaadbc,1
dacaadcc,2
dacabdac,4
dacacdac,8
dacacdbc,2
dacacdcc,1
dacaddac,13
dacaddbc,2
dacaedac,1
dacaedcc,1
dacbadcc,1
dacbadce,1
dacbcbcc,1
dacbcdac,6
dacbcdbc,2
dacbdbcc,1
dacbddac,14
dacbddbc,3
dacbddcc,1
dacbedac,5
dacbedbc,1
daccadbe,3
daccbdae,1
daccbdbe,1
dacccdae,1
dacccdbe,3
dacccdce,1
daccddae,1
dacdadae,1
dacdbdae,3
dacdcbce,2
dacdcdae,9
dacddbce,1
dacdddae,28
dacdddbe,1
dacdedae,3
dacdedbe,1
dadabdac,1
dadacdac,1
dadaeaac,2
dadaebac,4
dadaecac,1
dadaedac,37
dadaedbc,9
dadbadac,1
dadbddac,2
dadbebac,1
dadbedac,1
dadbedbc,1
daddcdae,1
daddddae,2
daddeaae,1
daddebae,10
daddedae,32
daddedbe,7
dbaaabcc,1
dbaaadac,26
dbaaadbc,6
dbaaadcc,32
dbaabdac,14
dbaabdbc,6
dbaabdcc,4
dbaacacc,2
dbaacbcc,1
dbaacdac,16
dbaacdbc,8
dbaaddac,2
dbaaddbc,1
dbaaeacc,1
dbaaebcc,1
dbaaedac,1
dbaaedcc,4
dbabadac,3
dbabadcc,1
dbabadce,42
dbabbdac,1
dbabbdce,9
dbabcdbc,1
dbabcdce,4
dbacadae,3
dbacadbe,2
dbacbdae,2
dbacbdbe,3
dbaccdae,2
dbaccdbe,8
dbacddae,1
dbacddbe,1
dbaceace,1
dbacebce,2
dbadadae,29
dbadadbe,2
dbadadce,1
dbadbdae,17
dbadbdbe,1
dbadbdce,1
dbadcbce,1
dbadccce,1
dbadcdae,8
dbadcdbe,1
dbadddae,3
dbadeaae,1
dbadedae,1
dbbaabcc,1
dbbaadac,37
dbbaadbc,8
dbbaadcc,33
dbbabdac,21
dbbabdbc,7
dbbabdcc,5
dbbacdac,25
dbbacdbc,17
dbbacdcc,3
dbbadbcc,2
dbbaddac,16
dbbaddbc,4
dbbaeacc,1
dbbaedac,1
dbbaedcc,4
dbbbadac,1
dbbbadce,33
dbbbbdac,7
dbbbbdce,2
dbbbcdac,5
dbbbcdbc,1
dbbbcdcc,3
dbbbcdce,1
dbbbddac,8
dbbbddbc,3
dbbcadae,4
dbbcadbe,7
dbbcbdae,7
dbbcbdbe,14
dbbccdae,11
dbbccdbe,6
dbbccdce,2
dbbcddae,3
dbbcddbe,3
dbbceace,1
dbbcedce,2
dbbdadae,30
dbbdadbe,7
dbbdadce,1
dbbdbdae,16
dbbdbdbe,3
dbbdcdae,21
dbbdcdbe,3
dbbdcdce,2
dbbdddae,17
dbbdddbe,1
dbbdedae,2
dbbdedbe,1
dbcaadcc,1
dbcabdac,1
dbcacbcc,2
dbcacdac,1
dbcaddac,2
dbcaddbc,3
dbcaedac,1
dbcaedcc,1
dbcbadac,1
dbcbbdac,2
dbcbbdce,2
dbcbcdac,1
dbcbcdbc,1
dbcbddac,4
dbcbedac,1
dbcbedbc,1
dbcbedcc,1
dbccadce,1
dbccbdae,3
dbcccdae,1
dbcdadae,1
dbcdcace,1
dbcdcdae,2
dbcdddae,5
dbcdddbe,1
dbcdedae,5
dbdaebac,1
dbdaedac,36
dbdaedbc,7
dbdbddbc,1
dbdbedac,4
dbdbedbc,1
dbdcadce,1
dbdccdbe,1
dbddeaae,2
dbddebae,3
dbddedae,28
dbddedbe,8
dbddedce,1
dcaaadac,1
dcaaadbc,2
dcaaadcc,6
dcaabdac,2
dcaabdcc,1
dcaacdbc,1
dcaacdcc,1
dcabadce,2
dcabbdbc,1
dcadadae,1
dcadadbe,2
dcadcdbe,1
dcbaadac,4
dcbaadbc,2
dcbaadcc,1
dcbabdac,3
dcbabdcc,3
dcbacdac,1
dcbacdcc,1
dcbbadce,3
dcbbcdac,1
dcbbcdbc,1
dcbbcdcc,1
dcbcadbe,1
dcbcadce,3
dcbcbdae,1
dcbcbdbe,1
dcbccdae,1
dcbccdbe,1
dcbccdce,2
dcbdadae,3
dcbdcdae,2
dcbdddae,1
dcbdedae,1
dccabdcc,1
dccaddbc,1
dccbddbc,1
dccbedac,1
dccdcdae,1
dcdaedac,1
dcdaedbc,1
dcdbddac,1
dcdbedbc,1
ddaaaaac,43
ddaaaabc,6
ddaaabac,31
ddaaabbc,2
ddaaacac,1
ddaaacbc,3
ddaaadac,2
ddaaadcc,14
ddaabaac,21
ddaababc,3
ddaabbac,17
ddaabbbc,5
ddaabbcc,1
ddaabcac,2
ddaabdcc,19
ddaacaac,11
ddaacabc,1
ddaacbac,7
ddaacbcc,1
ddaacdcc,7
ddaaddcc,1
ddaaeacc,24
ddaaebcc,39
ddaaeccc,3
ddaaedac,9
ddaaedbc,6
ddaaedcc,1
ddababac,2
ddabadcc,2
ddabbaac,1
ddabbdcc,1
ddabebcc,1
ddabedac,1
ddaceace,38
ddacebce,46
ddacecce,4
ddadaaae,45
ddadaabe,5
ddadabae,35
ddadabbe,7
ddadacae,3
ddadadae,1
ddadadce,16
ddadbaae,20
ddadbabe,1
ddadbbae,28
ddadbdae,1
ddadbdce,12
ddadcaae,11
ddadcbae,5
ddadcdce,7
ddaddbae,2
ddadddce,1
ddadeace,3
ddadebce,4
ddadedae,7
ddadedbe,4
ddbaaaac,63
ddbaaabc,3
ddbaabac,24
ddbaabbc,2
ddbaabcc,1
ddbaacac,2
ddbaadac,2
ddbaadcc,14
ddbabaac,20
ddbababc,1
ddbabbac,15
ddbabbbc,2
ddbabbcc,1
ddbabdbc,1
ddbabdcc,25
ddbacaac,10
ddbacabc,1
ddbacbac,13
ddbacdac,1
ddbacdcc,8
ddbadbac,1
ddbaddcc,2
ddbaeacc,39
ddbaebcc,41
ddbaedac,16
ddbaedbc,7
ddbbaaac,2
ddbbabac,2
ddbbadac,1
ddbbadcc,1
ddbbadce,2
ddbbbaac,4
ddbbbbac,1
ddbbcbac,3
ddbbcbbc,1
ddbbcdcc,1
ddbbdaac,2
ddbbeacc,2
ddbbebcc,2
ddbbedac,2
ddbbedbc,2
ddbceace,24
ddbcebce,34
ddbcecce,2
ddbdaaae,66
ddbdaabe,1
ddbdaace,1
ddbdabae,37
ddbdabbe,2
ddbdabce,1
ddbdacae,1
ddbdacbe,1
ddbdadce,21
ddbdbaae,33
ddbdbabe,3
ddbdbbae,15
ddbdbbbe,4
ddbdbbce,1
ddbdbdce,15
ddbdcaae,8
ddbdcbae,11
ddbdcbbe,1
ddbdccae,1
ddbdcdae,2
ddbdcdce,8
ddbddaae,1
ddbddbae,1
ddbdddae,1
ddbdddce,1
ddbdeace,2
ddbdebce,1
ddbdedae,17
ddbdedbe,11
ddbdedce,1
ddcaabac,1
ddcaadcc,2
ddcabaac,1
ddcabbac,2
ddcabcac,1
ddcaedac,1
ddcaedbc,2
ddcbaaac,2
ddcbabac,2
ddcbbdcc,1
ddcbcaac,1
ddcbccac,1
ddcbebcc,1
ddcbedac,3
ddcccdce,1
ddcceace,2
ddccebce,2
ddccecce,1
ddcdaaae,1
ddcdaabe,1
ddcdabae,1
ddcdadce,1
ddcdbbae,1
ddcdcaae,1
ddcdccae,1
ddcdedbe,1
dddaedac,1
ddddabae,1
ddddbdae,1
ddddcdce,1
ddddedae,1
eaaaaacc,22
eaaaaacd,8
eaaaabca,1
eaaaabcc,97
eaaaabcd,26
eaaaabce,3
eaaaaccc,18
eaaaaccd,6
eaaaacce,1
eaaaadac,62
eaaaadad,138
eaaaadae,1
eaaaadbc,27
eaaaadbd,16
eaaaadbe,2
eaaaadcc,30
eaaaadcd,3
eaaabacc,3
eaaabacd,3
eaaabbcc,21
eaaabbcd,9
eaaabccc,4
eaaabccd,8
eaaabdac,40
eaaabdad,35
eaaabdae,3
eaaabdbc,11
eaaabdbd,6
eaaabdbe,1
eaaabdcc,5
eaaabdcd,4
eaaabdce,4
eaaacacc,9
eaaacacd,1
eaaacbcc,16
eaaacbcd,24
eaaacbce,2
eaaacccc,2
eaaacccd,4
eaaaccce,1
eaaacdac,64
eaaacdad,16
eaaacdbc,9
eaaacdbd,6
eaaacdbe,3
eaaacdcc,5
eaaacdcd,6
eaaacdce,1
eaaadacc,2
eaaadacd,1
eaaadbcc,9
eaaadbcd,2
eaaadbce,4
eaaadccc,1
eaaadccd,1
eaaaddac,16
eaaaddad,2
eaaaddae,3
eaaaddbd,1
eaaaddcc,1
eaaaddce,5
eaaaeaac,29
eaaaeaad,33
eaaaeaae,5
eaaaeabe,1
eaaaeacc,31
eaaaeacd,69
eaaaeace,65
eaaaebac,46
eaaaebad,44
eaaaebae,22
eaaaebbc,2
eaaaebbd,4
eaaaebbe,10
eaaaebcc,83
eaaaebcd,53
eaaaebce,84
eaaaecad,3
eaaaecae,5
eaaaecbc,2
eaaaecbd,2
eaaaecbe,3
eaaaeccc,8
eaaaeccd,24
eaaaecce,18
eaaaedac,44
eaaaedad,78
eaaaedae,21
eaaaedbc,2
eaaaedbd,26
eaaaedbe,12
eaaaedcc,61
eaaaedcd,63
eaaaedce,168
eaabaace,2
eaababcd,2
eaababce,4
eaabaccc,1
eaabaccd,1
eaabadac,4
eaabadad,1
eaabadae,56
eaabadbc,1
eaabadbe,2
eaabadce,23
eaabbacc,1
eaabbace,1
eaabbbcc,3
eaabbbce,3
eaabbcce,2
eaabbdac,5
eaabbdae,8
eaabbdbe,1
eaabbdce,5
eaabcace,2
eaabcbcc,2
eaabcbcd,2
eaabcbce,2
eaabcccc,1
eaabccce,6
eaabcdac,6
eaabcdad,4
eaabcdae,4
eaabcdbd,2
eaabcdcd,1
eaabcdce,3
eaabdbce,2
eaabdcce,1
eaabddac,1
eaabddad,2
eaabddae,8
eaabddbe,1
eaabddcd,2
eaabddce,1
eaabeaac,2
eaabeaad,9
eaabeaae,21
eaabeabe,3
eaabeacc,1
eaabeacd,4
eaabeace,13
eaabebac,5
eaabebad,11
eaabebae,19
eaabebbe,2
eaabebcc,1
eaabebcd,1
eaabebce,16
eaabecad,1
eaabecae,2
eaabecbe,2
eaabecce,4
eaabedac,5
eaabedad,3
eaabedae,15
eaabedbe,2
eaabedcc,5
eaabedcd,1
eaabedce,168
eaacaace,4
eaacabce,28
eaacacce,6
eaacadae,98
eaacadbe,16
eaacadce,14
eaacbace,2
eaacbbce,8
eaacbcce,5
eaacbdae,19
eaacbdbe,13
eaacbdce,10
eaaccace,3
eaaccbce,7
eaacccce,6
eaaccdae,20
eaaccdbe,14
eaaccdce,9
eaacdcce,2
eaacddae,8
eaacddbe,5
eaacddce,4
eaaceaae,13
eaaceabe,3
eaaceace,40
eaacebae,36
eaacebbe,13
eaacebce,133
eaacecae,7
eaacecbe,1
eaacecce,22
eaacedae,12
eaacedbe,2
eaacedce,91
eaadaace,25
eaadabce,89
eaadacce,16
eaadadae,77
eaadadbe,30
eaadadce,3
eaadbace,3
eaadbbce,16
eaadbcce,6
eaadbdae,42
eaadbdbe,1
eaadbdce,1
eaadcace,6
eaadcbce,30
eaadccce,7
eaadcdae,54
eaadcdbe,2
eaadcdce,7
eaaddace,8
eaaddbce,9
eaaddcce,1
eaadddae,21
eaadddbe,3
eaadeaae,76
eaadeabe,3
eaadeace,99
eaadebae,51
eaadebbe,7
eaadebce,142
eaadecae,8
eaadecbe,1
eaadecce,18
eaadedae,139
eaadedbe,35
eaadedce,30
eabaaacc,15
eabaaacd,4
eabaabcc,66
eabaabcd,38
eabaabce,1
eabaaccc,20
eabaaccd,13
eabaacce,1
eabaadac,90
eabaadad,138
eabaadae,1
eabaadbc,19
eabaadbd,24
eabaadbe,3
eabaadcc,19
eabaadcd,23
eabaadce,4
eababacc,6
eababacd,5
eababace,1
eababbcc,25
eababbcd,19
eababccc,7
eababccd,7
eababcce,1
eababdac,77
eababdad,43
eababdae,2
eababdbc,16
eababdbd,8
eababdbe,2
eababdcc,11
eababdcd,13
eababdce,6
eabacacc,19
eabacacd,2
eabacace,1
eabacbcc,67
eabacbcd,16
eabacbce,1
eabacccc,6
eabacccd,8
eabaccce,8
eabacdac,140
eabacdad,43
eabacdae,7
eabacdbc,20
eabacdbd,10
eabacdbe,3
eabacdcc,4
eabacdcd,18
eabacdce,7
eabadacc,9
eabadacd,2
eabadace,4
eabadbcc,26
eabadbcd,4
eabadbce,5
eabadccc,5
eabadccd,3
eabadcce,8
eabaddac,68
eabaddad,10
eabaddae,20
eabaddbc,12
eabaddbd,9
eabaddbe,2
eabaddcc,4
eabaddcd,4
eabaddce,15
eabaeaac,54
eabaeaad,122
eabaeaae,39
eabaeabc,1
eabaeabd,4
eabaeabe,6
eabaeacc,33
eabaeacd,48
eabaeace,95
eabaebac,44
eabaebad,151
eabaebae,97
eabaebbc,2
eabaebbd,8
eabaebbe,21
eabaebcc,97
eabaebcd,64
eabaebce,163
eabaecac,4
eabaecad,5
eabaecae,11
eabaecbc,1
eabaecbe,9
eabaeccc,15
eabaeccd,27
eabaecce,24
eabaedac,181
eabaedad,63
eabaedae,121
eabaedbc,3
eabaedbd,24
eabaedbe,38
eabaedcc,118
eabaedcd,54
eabaedce,218
eabbabcc,4
eabbabcd,3
eabbabce,4
eabbaccd,2
eabbacce,1
eabbadac,3
eabbadad,3
eabbadae,35
eabbadbc,1
eabbadbe,3
eabbadcd,2
eabbadce,11
eabbbace,2
eabbbbcc,5
eabbbbcd,2
eabbbbce,7
eabbbccc,1
eabbbcce,5
eabbbdac,8
eabbbdad,3
eabbbdae,15
eabbbdbc,2
eabbbdbe,1
eabbbdcd,2
eabbbdce,9
eabbcacc,6
eabbcace,2
eabbcbcc,14
eabbcbcd,1
eabbcbce,15
eabbcccc,5
eabbcccd,1
eabbccce,12
eabbcdac,13
eabbcdad,4
eabbcdae,15
eabbcdbc,1
eabbcdbd,2
eabbcdbe,2
eabbcdcd,8
eabbcdce,6
eabbdacc,3
eabbdace,3
eabbdbcc,12
eabbdbcd,1
eabbdbce,12
eabbdccd,1
eabbdcce,5
eabbddac,20
eabbddad,9
eabbddae,68
eabbddbc,1
eabbddbd,1
eabbddbe,11
eabbddcd,1
eabbddce,4
eabbeaac,4
eabbeaad,54
eabbeaae,161
eabbeabd,1
eabbeabe,7
eabbeacc,2
eabbeacd,2
eabbeace,24
eabbebac,8
eabbebad,57
eabbebae,180
eabbebbc,1
eabbebbd,1
eabbebbe,22
eabbebcc,9
eabbebcd,7
eabbebce,43
eabbecad,4
eabbecae,12
eabbecbe,4
eabbeccd,3
eabbecce,10
eabbedac,26
eabbedad,6
eabbedae,223
eabbedbc,2
eabbedbd,4
eabbedbe,31
eabbedcc,15
eabbedcd,5
eabbedce,201
eabcaace,12
eabcabce,27
eabcacce,9
eabcadae,81
eabcadbe,21
eabcadce,13
eabcbace,3
eabcbbce,10
eabcbcce,7
eabcbdae,36
eabcbdbe,15
eabcbdce,14
eabccace,4
eabccbce,10
eabcccce,13
eabccdae,35
eabccdbe,29
eabccdce,23
eabcdace,1
eabcdbce,6
eabcdcce,5
eabcddae,36
eabcddbe,18
eabcddce,11
eabceaae,59
eabceabe,4
eabceace,49
eabcebae,132
eabcebbe,18
eabcebce,171
eabcecae,15
eabcecbe,13
eabcecce,29
eabcedae,44
eabcedbe,17
eabcedce,245
eabdaace,15
eabdabce,63
eabdacce,6
eabdadae,86
eabdadbe,15
eabdbace,6
eabdbbce,27
eabdbcce,3
eabdbdae,76
eabdbdbe,10
eabdbdce,11
eabdcace,24
eabdcbce,79
eabdccce,12
eabdcdae,148
eabdcdbe,8
eabdcdce,11
eabddace,12
eabddbce,51
eabddcce,7
eabdddae,98
eabdddbe,11
eabdddce,8
eabdeaae,106
eabdeabe,2
eabdeace,179
eabdebae,139
eabdebbe,9
eabdebce,153
eabdecae,9
eabdecce,29
eabdedae,284
eabdedbe,57
eabdedce,57
eacaaacc,1
eacaaccd,1
eacaadac,2
eacaadad,4
eacaadcd,1
eacaadce,1
eacabace,1
eacabbcc,1
eacabcce,1
eacabdac,4
eacabdad,4
eacabdbc,1
eacabdbd,2
eacacacc,1
eacacbcc,7
eacacbcd,3
eacacbce,1
eacacccd,1
eacacdac,15
eacacdad,3
eacacdbc,1
eacacdbd,3
eacacdcd,1
eacadacc,3
eacadace,2
eacadbcd,3
eacadbce,2
eacadccc,1
eacadcce,2
eacaddac,12
eacaddad,7
eacaddae,17
eacaddbc,2
eacaddbd,1
eacaddbe,2
eacaddcc,1
eacaddcd,2
eacaddce,1
eacaeaac,1
eacaeaad,22
eacaeaae,13
eacaeabd,2
eacaeabe,2
eacaeacc,4
eacaeacd,3
eacaeace,9
eacaebac,1
eacaebad,30
eacaebae,22
eacaebbd,1
eacaebbe,7
eacaebcc,3
eacaebcd,3
eacaebce,17
eacaecad,2
eacaecae,3
eacaecbe,1
eacaeccd,4
eacaecce,4
eacaedac,16
eacaedad,6
eacaedae,54
eacaedbd,1
eacaedbe,8
eacaedcc,13
eacaedcd,3
eacaedce,14
eacbaccd,1
eacbadac,1
eacbadad,3
eacbadae,2
eacbbacc,1
eacbbbcc,2
eacbbbcd,1
eacbbbce,2
eacbbdac,1
eacbbdad,2
eacbbdbd,1
eacbbdce,1
eacbcacc,3
eacbcbcc,5
eacbcbcd,1
eacbcbce,2
eacbcccd,3
eacbccce,2
eacbcdac,18
eacbcdad,5
eacbcdae,6
eacbcdbd,2
eacbcdbe,1
eacbcdce,3
eacbdacc,1
eacbdace,4
eacbdbcc,4
eacbdbce,8
eacbdccc,2
eacbdcce,4
eacbddac,13
eacbddad,5
eacbddae,83
eacbddbc,4
eacbddbd,2
eacbddbe,5
eacbddcd,2
eacbddce,4
eacbeaac,1
eacbeaad,28
eacbeaae,80
eacbeabd,1
eacbeabe,2
eacbeacc,1
eacbeacd,1
eacbeace,7
eacbebac,1
eacbebad,29
eacbebae,85
eacbebbd,2
eacbebbe,22
eacbebcc,3
eacbebcd,1
eacbebce,13
eacbecad,2
eacbecae,14
eacbecbd,1
eacbecbe,3
eacbecce,3
eacbedac,18
eacbedad,1
eacbedae,189
eacbedbc,2
eacbedbe,22
eacbedcc,6
eacbedcd,4
eacbedce,25
eaccaace,1
eaccabce,2
eaccadae,4
eaccadce,1
eaccbdae,4
eaccbdbe,1
eaccbdce,1
eaccccce,1
eacccdae,13
eacccdbe,2
eacccdce,3
eaccdace,2
eaccdbce,2
eaccdcce,3
eaccddae,8
eaccddbe,10
eaccddce,6
eacceaae,23
eacceabe,2
eacceace,7
eaccebae,30
eaccebbe,5
eaccebce,18
eaccecae,3
eaccecbe,3
eaccecce,5
eaccedae,23
eaccedbe,17
eaccedce,31
eacdabce,1
eacdadae,5
eacdadbe,1
eacdbbce,1
eacdbcce,1
eacdbdae,5
eacdbdbe,1
eacdcace,3
eacdcbce,11
eacdcdae,16
eacdcdbe,2
eacdcdce,1
eacddace,6
eacddbce,13
eacddcce,1
eacdddae,26
eacdddbe,5
eacdddce,3
eacdeaae,35
eacdeabe,1
eacdeace,22
eacdebae,48
eacdebbe,6
eacdebce,23
eacdecae,1
eacdecbe,5
eacdecce,1
eacdedae,35
eacdedbe,11
eacdedce,3
eadaaaac,1
eadaaaad,17
eadaaaae,8
eadaaabc,1
eadaaabd,4
eadaaabe,1
eadaaacc,23
eadaaacd,124
eadaabaa,1
eadaabac,3
eadaabad,44
eadaabae,11
eadaabbd,18
eadaabbe,2
eadaabcc,12
eadaabcd,104
eadaabce,1
eadaacad,7
eadaacae,2
eadaacbd,10
eadaaccc,5
eadaaccd,8
eadaadac,7
eadaadad,134
eadaadae,32
eadaadbc,14
eadaadbd,19
eadaadbe,4
eadaadcc,7
eadaadcd,6
eadaadce,5
eadabaac,2
eadabaad,8
eadababc,1
eadababd,1
eadababe,2
eadabacd,44
eadabbac,5
eadabbad,22
eadabbae,9
eadabbbc,1
eadabbbd,10
eadabbbe,3
eadabbcc,1
eadabbcd,49
eadabbce,1
eadabcad,5
eadabcae,1
eadabcbd,4
eadabccd,13
eadabcce,2
eadabdac,4
eadabdad,59
eadabdae,22
eadabdbc,2
eadabdbd,35
eadabdbe,5
eadabdcc,4
eadabdcd,9
eadabdce,2
eadacaac,2
eadacaad,10
eadacaae,4
eadacabd,1
eadacabe,1
eadacacd,27
eadacace,2
eadacbac,3
eadacbad,21
eadacbae,20
eadacbbd,5
eadacbbe,5
eadacbcd,63
eadacbce,3
eadaccad,1
eadaccae,1
eadaccbd,6
eadaccbe,5
eadacccc,1
eadacccd,5
eadaccce,2
eadacdac,1
eadacdad,92
eadacdae,19
eadacdbd,85
eadacdbe,5
eadacdcd,36
eadacdce,3
eadadaac,2
eadadaad,5
eadadaae,4
eadadabd,1
eadadabe,3
eadadacd,9
eadadace,3
eadadbac,2
eadadbad,16
eadadbae,16
eadadbbd,3
eadadbbe,7
eadadbcd,12
eadadbce,10
eadadcad,1
eadadcbd,2
eadadcbe,7
eadadccd,4
eadadcce,2
eadaddad,37
eadaddae,13
eadaddbd,26
eadaddbe,2
eadaddcd,15
eadaddce,8
eadaeaac,57
eadaeaad,4
eadaeaae,15
eadaeabc,7
eadaeabe,2
eadaeacd,27
eadaeace,68
eadaebac,105
eadaebad,17
eadaebae,36
eadaebbc,16
eadaebbd,13
eadaebbe,19
eadaebcc,3
eadaebcd,60
eadaebce,166
eadaecac,4
eadaecad,9
eadaecae,11
eadaecbc,1
eadaecbd,16
eadaecbe,22
eadaeccd,10
eadaecce,37
eadaedac,71
eadaedad,109
eadaedae,245
eadaedbc,31
eadaedbd,24
eadaedbe,104
eadaedcd,4
eadaedce,26
eadbaacd,5
eadbaace,148
eadbabab,1
eadbabae,1
eadbabcd,4
eadbabce,93
eadbacad,4
eadbacbd,1
eadbacce,10
eadbadad,3
eadbadbc,1
eadbadbd,2
eadbadbe,2
eadbadcc,1
eadbadcd,2
eadbadce,2
eadbbaad,1
eadbbaae,1
eadbbacd,3
eadbbace,32
eadbbbad,5
eadbbbbd,1
eadbbbcd,3
eadbbbce,32
eadbbcad,1
eadbbcbd,1
eadbbcbe,1
eadbbccd,2
eadbbcce,1
eadbbdad,6
eadbbdae,1
eadbbdbd,4
eadbbdcd,3
eadbcaad,3
eadbcaae,2
eadbcabe,1
eadbcacd,3
eadbcace,14
eadbcbac,1
eadbcbad,7
eadbcbae,5
eadbcbbd,3
eadbcbcd,5
eadbcbce,22
eadbccbd,1
eadbccbe,3
eadbcccd,1
eadbccce,5
eadbcdad,24
eadbcdae,6
eadbcdbd,15
eadbcdbe,3
eadbcdcd,7
eadbcdce,3
eadbdaad,1
eadbdaae,2
eadbdabe,1
eadbdacd,3
eadbdace,4
eadbdbad,7
eadbdbae,13
eadbdbbd,1
eadbdbbe,6
eadbdbcd,8
eadbdbce,22
eadbdcae,6
eadbdcbe,2
eadbdcce,5
eadbddac,1
eadbddad,10
eadbddae,22
eadbddbd,7
eadbddbe,2
eadbddcd,16
eadbddce,28
eadbeaac,5
eadbeaad,4
eadbeaae,22
eadbeabe,6
eadbeacd,2
eadbeace,57
eadbebac,6
eadbebad,2
eadbebae,49
eadbebbe,29
eadbebcd,6
eadbebce,192
eadbecad,1
eadbecae,13
eadbecbe,6
eadbecce,30
eadbedac,7
eadbedad,2
eadbedae,105
eadbedbc,1
eadbedbd,2
eadbedbe,33
eadbedcc,2
eadbedcd,2
eadbedce,67
eadcaaae,23
eadcaabe,3
eadcaace,6
eadcabae,37
eadcabbe,25
eadcabce,19
eadcacae,10
eadcacbe,8
eadcacce,10
eadcadae,83
eadcadbe,19
eadcadce,17
eadcbaae,13
eadcbabe,1
eadcbace,9
eadcbbae,29
eadcbbbe,9
eadcbbce,22
eadcbcae,8
eadcbcbe,18
eadcbcce,5
eadcbdae,37
eadcbdbe,11
eadcbdce,24
eadccaae,12
eadccabe,5
eadccace,22
eadccbae,32
eadccbbe,14
eadccbce,54
eadcccae,7
eadcccbe,8
eadcccce,12
eadccdae,37
eadccdbe,18
eadccdce,34
eadcdaae,9
eadcdabe,1
eadcdace,12
eadcdbae,17
eadcdbbe,1
eadcdbce,26
eadcdcbe,5
eadcdcce,5
eadcddae,35
eadcddbe,12
eadcddce,19
eadceaae,5
eadceabe,4
eadceace,85
eadcebae,26
eadcebbe,24
eadcebce,157
eadcecae,18
eadcecbe,33
eadcecce,30
eadcedae,280
eadcedbe,60
eadcedce,12
eaddaaae,2
eaddaabe,1
eaddaace,2
eaddabae,7
eaddabbe,5
eaddabce,1
eaddacae,3
eaddacbe,2
eaddacce,2
eaddadae,104
eaddadbe,13
eaddadce,2
eaddbabe,1
eaddbbae,2
eaddbbbe,2
eaddbbce,3
eaddbcae,2
eaddbcbe,3
eaddbdae,48
eaddbdbe,38
eaddbdce,6
eaddcaae,1
eaddcbae,5
eaddcbbe,1
eaddcbce,3
eaddccbe,1
eaddccce,2
eaddcdae,99
eaddcdbe,95
eaddcdce,21
eadddaae,11
eadddabe,1
eadddbae,19
eadddbbe,4
eadddcae,2
eadddcbe,1
eaddddae,33
eaddddbe,37
eaddddce,15
eaddeaae,90
eaddeabe,9
eaddeace,1
eaddebae,174
eaddebbe,24
eaddebce,2
eaddecae,14
eaddecbe,5
eaddecce,1
eaddedae,82
eaddedbe,33
eaddedce,19
ebaaaacc,17
ebaaaacd,7
ebaaabcc,66
ebaaabcd,50
ebaaabce,3
ebaaaccc,19
ebaaaccd,10
ebaaadac,50
ebaaadad,60
ebaaadae,3
ebaaadbc,18
ebaaadbd,29
ebaaadbe,6
ebaaadcc,22
ebaaadcd,18
ebaaadce,5
ebaabacc,3
ebaabacd,5
ebaabace,1
ebaabbcc,8
ebaabbcd,19
ebaabbce,5
ebaabccc,5
ebaabccd,10
ebaabcce,1
ebaabdac,33
ebaabdad,33
ebaabdae,2
ebaabdbc,8
ebaabdbd,8
ebaabdbe,4
ebaabdcc,9
ebaabdcd,15
ebaabdce,5
ebaacacc,2
ebaacacd,4
ebaacbcc,8
ebaacbcd,23
ebaacbce,5
ebaacccc,1
ebaacccd,9
ebaaccce,7
ebaacdac,52
ebaacdad,26
ebaacdae,1
ebaacdbc,9
ebaacdbd,9
ebaacdbe,5
ebaacdcc,2
ebaacdcd,16
ebaacdce,11
ebaadacd,1
ebaadbcc,2
ebaadbcd,1
ebaadbce,4
ebaadcce,5
ebaaddac,8
ebaaddad,3
ebaaddae,5
ebaaddbc,5
ebaaddbd,5
ebaaddbe,3
ebaaddcc,1
ebaaddcd,2
ebaaddce,9
ebaaeaac,9
ebaaeaad,10
ebaaeaae,16
ebaaeabd,2
ebaaeabe,4
ebaaeacc,2
ebaaeacd,35
ebaaeace,26
ebaaebac,19
ebaaebad,20
ebaaebae,47
ebaaebbc,2
ebaaebbd,3
ebaaebbe,21
ebaaebcc,41
ebaaebcd,88
ebaaebce,83
ebaaecad,4
ebaaecae,12
ebaaecbc,1
ebaaecbe,17
ebaaeccc,9
ebaaeccd,35
ebaaecce,27
ebaaedac,19
ebaaedad,41
ebaaedae,25
ebaaedbc,3
ebaaedbd,14
ebaaedbe,26
ebaaedcc,31
ebaaedcd,100
ebaaedce,194
ebababcd,4
ebababce,2
ebabaccd,1
ebabacce,1
ebabadac,1
ebabadae,14
ebabadbe,3
ebabadcc,1
ebabadce,18
ebabbace,1
ebabbbce,7
ebabbccd,1
ebabbcce,4
ebabbdad,5
ebabbdae,4
ebabbdbd,2
ebabbdbe,1
ebabbdcd,1
ebabbdce,6
ebabcacc,1
ebabcace,1
ebabcbcd,4
ebabcbce,9
ebabcccc,1
ebabccce,7
ebabcdac,4
ebabcdae,7
ebabcdbc,1
ebabcdcd,2
ebabcdce,7
ebabdbcd,2
ebabdbce,4
ebabdcce,2
ebabddad,2
ebabddae,6
ebabddbc,1
ebabddbd,2
ebabddbe,3
ebabddce,1
ebabeaad,1
ebabeaae,8
ebabeabd,1
ebabeabe,3
ebabeacd,2
ebabeace,11
ebabebad,2
ebabebae,15
ebabebbc,1
ebabebbd,2
ebabebbe,6
ebabebcc,2
ebabebcd,1
ebabebce,40
ebabecad,1
ebabecae,3
ebabeccd,1
ebabecce,8
ebabedac,2
ebabedad,1
ebabedae,8
ebabedbd,2
ebabedbe,10
ebabedcc,6
ebabedcd,1
ebabedce,109
ebacaace,13
ebacabce,34
ebacacce,22
ebacadae,40
ebacadbe,32
ebacadce,24
ebacbace,4
ebacbbce,17
ebacbcce,8
ebacbdae,26
ebacbdbe,13
ebacbdce,26
ebaccace,3
ebaccbce,19
ebacccce,8
ebaccdae,23
ebaccdbe,28
ebaccdce,19
ebacdbce,3
ebacddae,4
ebacddbe,8
ebacddce,9
ebaceaae,4
ebaceabe,4
ebaceace,17
ebacebae,39
ebacebbe,19
ebacebce,121
ebacecae,14
ebacecbe,12
ebacecce,60
ebacedae,25
ebacedbe,12
ebacedce,124
ebadaace,12
ebadabce,38
ebadacce,15
ebadadae,35
ebadadbe,29
ebadadce,11
ebadbbce,8
ebadbcce,5
ebadbdae,36
ebadbdbe,5
ebadbdce,5
ebadcace,2
ebadcbce,13
ebadccce,2
ebadcdae,38
ebadcdbe,4
ebadcdce,9
ebaddace,1
ebaddbce,5
ebaddcce,2
ebadddae,12
ebadddbe,5
ebadddce,4
ebadeaae,29
ebadeabe,9
ebadeace,32
ebadebae,52
ebadebbe,4
ebadebce,56
ebadecae,4
ebadecbe,2
ebadecce,25
ebadedae,68
ebadedbe,48
ebadedce,61
ebbaaacc,6
ebbaaacd,5
ebbaabca,1
ebbaabcc,52
ebbaabcd,42
ebbaabce,3
ebbaaccc,18
ebbaaccd,26
ebbaacce,1
ebbaadac,48
ebbaadad,67
ebbaadae,4
ebbaadbc,32
ebbaadbd,26
ebbaadbe,12
ebbaadcc,17
ebbaadcd,28
ebbaadce,4
ebbabacc,4
ebbabacd,1
ebbabbcc,8
ebbabbcd,41
ebbabbce,4
ebbabccc,8
ebbabccd,22
ebbabcce,1
ebbabdac,57
ebbabdad,47
ebbabdae,5
ebbabdbc,6
ebbabdbd,20
ebbabdbe,6
ebbabdcc,12
ebbabdcd,25
ebbabdce,8
ebbacacc,4
ebbacacd,5
ebbacace,1
ebbacbcc,20
ebbacbcd,44
ebbacbce,13
ebbacccc,7
ebbacccd,14
ebbaccce,10
ebbacdac,99
ebbacdad,72
ebbacdae,5
ebbacdbc,29
ebbacdbd,32
ebbacdbe,16
ebbacdcc,7
ebbacdcd,20
ebbacdce,20
ebbadacc,1
ebbadacd,6
ebbadace,5
ebbadbcc,10
ebbadbcd,3
ebbadbce,20
ebbadccc,4
ebbadccd,2
ebbadcce,17
ebbaddac,43
ebbaddad,17
ebbaddae,26
ebbaddbc,18
ebbaddbd,19
ebbaddbe,8
ebbaddcc,6
ebbaddcd,8
ebbaddce,32
ebbaeaac,14
ebbaeaad,30
ebbaeaae,31
ebbaeabc,1
ebbaeabd,5
ebbaeabe,8
ebbaeacc,9
ebbaeacd,32
ebbaeace,68
ebbaebac,13
ebbaebad,77
ebbaebae,99
ebbaebbc,4
ebbaebbd,15
ebbaebbe,50
ebbaebcc,30
ebbaebcd,83
ebbaebce,159
ebbaecac,1
ebbaecad,12
ebbaecae,25
ebbaecbd,1
ebbaecbe,30
ebbaeccc,10
ebbaeccd,51
ebbaecce,73
ebbaedac,51
ebbaedad,46
ebbaedae,105
ebbaedbc,10
ebbaedbd,20
ebbaedbe,66
ebbaedcc,77
ebbaedcd,135
ebbaedce,280
ebbbabcc,2
ebbbabcd,4
ebbbabce,3
ebbbaccc,1
ebbbaccd,3
ebbbacce,2
ebbbadac,4
ebbbadad,3
ebbbadae,15
ebbbadbc,7
ebbbadbd,1
ebbbadbe,4
ebbbadcd,1
ebbbadce,17
ebbbbace,1
ebbbbbcd,5
ebbbbbce,8
ebbbbccc,2
ebbbbccd,2
ebbbbcce,4
ebbbbdac,2
ebbbbdad,3
ebbbbdae,14
ebbbbdbc,2
ebbbbdbd,2
ebbbbdbe,4
ebbbbdcd,5
ebbbbdce,6
ebbbcacc,3
ebbbcacd,1
ebbbcace,1
ebbbcbcc,2
ebbbcbcd,11
ebbbcbce,20
ebbbcccc,2
ebbbcccd,4
ebbbccce,20
ebbbcdac,18
ebbbcdad,4
ebbbcdae,17
ebbbcdbc,8
ebbbcdbd,3
ebbbcdbe,4
ebbbcdcc,2
ebbbcdcd,8
ebbbcdce,9
ebbbdace,5
ebbbdbcc,3
ebbbdbcd,1
ebbbdbce,9
ebbbdccc,1
ebbbdccd,1
ebbbdcce,11
ebbbddac,21
ebbbddad,7
ebbbddae,33
ebbbddbc,4
ebbbddbd,5
ebbbddbe,7
ebbbddcc,2
ebbbddcd,1
ebbbddce,15
ebbbeaac,1
ebbbeaad,10
ebbbeaae,48
ebbbeabd,1
ebbbeabe,10
ebbbeacd,1
ebbbeace,12
ebbbebac,1
ebbbebad,18
ebbbebae,133
ebbbebbd,3
ebbbebbe,56
ebbbebcc,5
ebbbebcd,3
ebbbebce,49
ebbbecac,1
ebbbecad,4
ebbbecae,27
ebbbecbe,24
ebbbeccd,4
ebbbecce,16
ebbbedac,13
ebbbedad,4
ebbbedae,126
ebbbedbc,3
ebbbedbd,2
ebbbedbe,42
ebbbedcc,12
ebbbedcd,20
ebbbedce,179
ebbcaace,9
ebbcabce,39
ebbcacce,20
ebbcadae,35
ebbcadbe,38
ebbcadce,39
ebbcbace,4
ebbcbbce,27
ebbcbcce,14
ebbcbdae,45
ebbcbdbe,33
ebbcbdce,30
ebbccace,3
ebbccbce,24
ebbcccce,21
ebbccdae,59
ebbccdbe,43
ebbccdce,51
ebbcdbce,8
ebbcdcce,11
ebbcddae,51
ebbcddbe,51
ebbcddce,32
ebbceaae,28
ebbceabe,7
ebbceace,34
ebbcebae,108
ebbcebbe,52
ebbcebce,173
ebbcecae,27
ebbcecbe,31
ebbcecce,114
ebbcedae,89
ebbcedbe,54
ebbcedce,273
ebbdaace,1
ebbdabce,36
ebbdacce,14
ebbdadae,53
ebbdadbe,20
ebbdadce,5
ebbdbace,2
ebbdbbce,15
ebbdbcce,12
ebbdbdae,47
ebbdbdbe,9
ebbdbdce,10
ebbdcace,7
ebbdcbce,28
ebbdccce,11
ebbdcdae,95
ebbdcdbe,14
ebbdcdce,18
ebbddace,9
ebbddbce,15
ebbddcce,9
ebbdddae,55
ebbdddbe,19
ebbdddce,11
ebbdeaae,40
ebbdeabe,5
ebbdeace,62
ebbdebae,84
ebbdebbe,24
ebbdebce,103
ebbdecae,14
ebbdecbe,9
ebbdecce,35
ebbdedae,141
ebbdedbe,57
ebbdedce,90
ebcaabcc,1
ebcaabcd,1
ebcaabce,1
ebcaaccd,1
ebcaadad,2
ebcaadae,1
ebcaadbd,3
ebcaadbe,1
ebcaadcd,2
ebcaadce,1
ebcabbcc,1
ebcabbcd,3
ebcabccd,2
ebcabcce,1
ebcabdac,7
ebcabdad,2
ebcabdae,1
ebcabdbc,1
ebcabdbd,1
ebcabdcd,1
ebcabdce,2
ebcacbcc,2
ebcacbcd,4
ebcacbce,5
ebcacccc,1
ebcacccd,3
ebcaccce,2
ebcacdac,8
ebcacdad,7
ebcacdbc,2
ebcacdbd,6
ebcacdbe,1
ebcacdcc,3
ebcacdcd,6
ebcadacd,1
ebcadace,1
ebcadbcc,1
ebcadbcd,2
ebcadbce,6
ebcadccd,2
ebcadcce,2
ebcaddac,6
ebcaddad,3
ebcaddae,12
ebcaddbc,4
ebcaddbd,1
ebcaddbe,7
ebcaddcd,1
ebcaddce,4
ebcaeaac,1
ebcaeaad,4
ebcaeaae,17
ebcaeabd,1
ebcaeabe,3
ebcaeacd,1
ebcaeace,4
ebcaebad,19
ebcaebae,20
ebcaebbd,1
ebcaebbe,12
ebcaebcc,1
ebcaebcd,8
ebcaebce,18
ebcaecae,6
ebcaecbe,7
ebcaeccd,1
ebcaecce,9
ebcaedac,14
ebcaedad,7
ebcaedae,35
ebcaedbc,2
ebcaedbe,21
ebcaedcc,5
ebcaedcd,2
ebcaedce,24
ebcbabcc,1
ebcbabcd,2
ebcbabce,1
ebcbadac,1
ebcbadad,2
ebcbadae,3
ebcbadbd,1
ebcbadbe,3
ebcbadcc,1
ebcbadcd,1
ebcbadce,1
ebcbbacc,1
ebcbbccd,1
ebcbbcce,1
ebcbbdac,4
ebcbbdad,1
ebcbbdae,2
ebcbbdbd,2
ebcbbdbe,1
ebcbbdcd,2
ebcbbdce,3
ebcbcace,1
ebcbcbcc,2
ebcbcbcd,1
ebcbcbce,3
ebcbcccd,1
ebcbccce,7
ebcbcdac,3
ebcbcdad,7
ebcbcdae,5
ebcbcdbc,3
ebcbcdbd,2
ebcbcdbe,2
ebcbcdcd,3
ebcbcdce,4
ebcbdace,1
ebcbdbcc,2
ebcbdbcd,1
ebcbdbce,12
ebcbdccd,1
ebcbdcce,6
ebcbddac,10
ebcbddad,5
ebcbddae,39
ebcbddbc,3
ebcbddbd,6
ebcbddbe,8
ebcbddce,7
ebcbeaac,1
ebcbeaad,8
ebcbeaae,33
ebcbeabd,1
ebcbeabe,3
ebcbeace,3
ebcbebad,14
ebcbebae,93
ebcbebbd,2
ebcbebbe,26
ebcbebcc,2
ebcbebcd,6
ebcbebce,21
ebcbecad,1
ebcbecae,19
ebcbecbe,20
ebcbeccd,2
ebcbecce,13
ebcbedac,13
ebcbedad,4
ebcbedae,138
ebcbedbc,2
ebcbedbd,3
ebcbedbe,41
ebcbedcc,4
ebcbedcd,2
ebcbedce,40
ebccabce,3
ebccacce,1
ebccadae,4
ebccadbe,1
ebccadce,1
ebccbcce,2
ebccbdae,4
ebccbdbe,2
ebccbdce,2
ebcccace,1
ebcccbce,6
ebccccce,4
ebcccdae,6
ebcccdbe,6
ebcccdce,13
ebccdbce,2
ebccdcce,4
ebccddae,18
ebccddbe,12
ebccddce,12
ebcceaae,10
ebcceabe,1
ebcceace,9
ebccebae,23
ebccebbe,12
ebccebce,29
ebccecae,4
ebccecbe,8
ebccecce,9
ebccedae,50
ebccedbe,31
ebccedce,47
ebcdaace,1
ebcdabce,3
ebcdadae,2
ebcdadbe,1
ebcdbbce,1
ebcdbcce,1
ebcdbdae,8
ebcdbdce,3
ebcdcace,1
ebcdcbce,4
ebcdccce,1
ebcdcdae,15
ebcdcdce,2
ebcddace,4
ebcddbce,14
ebcddcce,4
ebcdddae,12
ebcdddbe,9
ebcdddce,7
ebcdeaae,22
ebcdeabe,1
ebcdeace,3
ebcdebae,37
ebcdebbe,15
ebcdebce,10
ebcdecae,9
ebcdecbe,7
ebcdecce,8
ebcdedae,33
ebcdedbe,16
ebcdedce,12
ebdaaaac,1
ebdaaaad,6
ebdaaaae,4
ebdaaabc,1
ebdaaabd,5
ebdaaabe,1
ebdaaacc,3
ebdaaacd,59
ebdaaace,1
ebdaabac,4
ebdaabad,36
ebdaabae,16
ebdaabbc,2
ebdaabbd,39
ebdaabbe,11
ebdaabcc,7
ebdaabcd,131
ebdaabce,2
ebdaacad,15
ebdaacae,1
ebdaacbd,26
ebdaacbe,8
ebdaaccc,15
ebdaaccd,34
ebdaacce,5
ebdaadac,12
ebdaadad,110
ebdaadae,56
ebdaadbc,23
ebdaadbd,25
ebdaadbe,26
ebdaadcc,4
ebdaadcd,13
ebdaadce,3
ebdabaac,1
ebdabaad,12
ebdabaae,7
ebdababc,1
ebdababd,2
ebdababe,1
ebdabacc,1
ebdabacd,23
ebdabbac,7
ebdabbad,30
ebdabbae,9
ebdabbbd,18
ebdabbbe,9
ebdabbcc,3
ebdabbcd,71
ebdabbce,8
ebdabcac,1
ebdabcad,16
ebdabcae,5
ebdabcbc,1
ebdabcbd,22
ebdabcbe,12
ebdabccc,5
ebdabccd,24
ebdabcce,10
ebdabdad,33
ebdabdae,32
ebdabdbc,2
ebdabdbd,24
ebdabdbe,19
ebdabdcc,1
ebdabdcd,23
ebdabdce,2
ebdacaac,1
ebdacaad,19
ebdacaae,6
ebdacabd,5
ebdacacc,1
ebdacacd,32
ebdacace,4
ebdacbac,8
ebdacbad,58
ebdacbae,28
ebdacbbd,11
ebdacbbe,14
ebdacbcc,1
ebdacbcd,124
ebdacbce,21
ebdaccad,8
ebdaccae,4
ebdaccbd,15
ebdaccbe,12
ebdacccc,2
ebdacccd,38
ebdaccce,12
ebdacdad,56
ebdacdae,26
ebdacdbd,46
ebdacdbe,17
ebdacdcd,50
ebdacdce,9
ebdadaad,10
ebdadaae,9
ebdadabe,2
ebdadacd,11
ebdadace,8
ebdadbad,11
ebdadbae,45
ebdadbbd,3
ebdadbbe,8
ebdadbcd,32
ebdadbce,28
ebdadcad,3
ebdadcae,7
ebdadcbd,2
ebdadcbe,7
ebdadccd,12
ebdadcce,9
ebdaddad,21
ebdaddae,24
ebdaddbd,12
ebdaddbe,12
ebdaddcd,33
ebdaddce,25
ebdaeaac,36
ebdaeaad,13
ebdaeaae,15
ebdaeabc,4
ebdaeabe,5
ebdaeacd,14
ebdaeace,90
ebdaebac,69
ebdaebad,16
ebdaebae,55
ebdaebbc,15
ebdaebbd,20
ebdaebbe,45
ebdaebcc,1
ebdaebcd,112
ebdaebce,354
ebdaecac,8
ebdaecad,10
ebdaecae,22
ebdaecbc,3
ebdaecbd,18
ebdaecbe,75
ebdaeccd,19
ebdaecce,100
ebdaedac,122
ebdaedad,36
ebdaedae,173
ebdaedbc,65
ebdaedbd,15
ebdaedbe,215
ebdaedcc,6
ebdaedcd,7
ebdaedce,84
ebdbaaad,1
ebdbaacd,5
ebdbaace,52
ebdbabad,6
ebdbabbd,1
ebdbabcd,13
ebdbabce,101
ebdbacbd,1
ebdbaccd,5
ebdbacce,29
ebdbadac,3
ebdbadad,5
ebdbadae,6
ebdbadbc,1
ebdbadbd,2
ebdbadbe,1
ebdbbaad,3
ebdbbabd,1
ebdbbabe,1
ebdbbacd,4
ebdbbace,14
ebdbbbac,1
ebdbbbad,6
ebdbbbae,4
ebdbbbcd,7
ebdbbbce,51
ebdbbcad,1
ebdbbcae,1
ebdbbcbd,1
ebdbbcbe,1
ebdbbccd,3
ebdbbcce,11
ebdbbdac,1
ebdbbdad,11
ebdbbdae,4
ebdbbdbd,4
ebdbbdbe,1
ebdbbdcc,1
ebdbbdcd,5
ebdbbdce,4
ebdbcaad,6
ebdbcaae,1
ebdbcabd,1
ebdbcacd,5
ebdbcace,9
ebdbcbac,1
ebdbcbad,7
ebdbcbae,3
ebdbcbbd,1
ebdbcbbe,4
ebdbcbcd,19
ebdbcbce,43
ebdbccad,2
ebdbccae,2
ebdbccbd,2
ebdbccbe,3
ebdbcccd,6
ebdbccce,14
ebdbcdad,9
ebdbcdae,8
ebdbcdbc,1
ebdbcdbd,6
ebdbcdbe,3
ebdbcdcd,16
ebdbcdce,4
ebdbdaad,1
ebdbdaae,9
ebdbdabd,1
ebdbdacd,5
ebdbdace,6
ebdbdbad,6
ebdbdbae,31
ebdbdbbd,1
ebdbdbbe,8
ebdbdbcd,14
ebdbdbce,34
ebdbdcae,5
ebdbdcbe,12
ebdbdccd,3
ebdbdcce,13
ebdbddad,19
ebdbddae,11
ebdbddbc,1
ebdbddbd,9
ebdbddbe,7
ebdbddcd,13
ebdbddce,54
ebdbeaad,1
ebdbeaae,15
ebdbeabe,7
ebdbeacc,1
ebdbeacd,1
ebdbeace,63
ebdbebac,5
ebdbebad,4
ebdbebae,58
ebdbebbc,1
ebdbebbd,1
ebdbebbe,41
ebdbebcd,3
ebdbebce,291
ebdbecad,1
ebdbecae,22
ebdbecbd,2
ebdbecbe,22
ebdbeccd,2
ebdbecce,84
ebdbedac,7
ebdbedad,3
ebdbedae,122
ebdbedbc,7
ebdbedbd,1
ebdbedbe,75
ebdbedce,137
ebdcaaae,14
ebdcaabe,5
ebdcaace,24
ebdcabae,45
ebdcabbe,31
ebdcabce,52
ebdcacae,12
ebdcacbe,35
ebdcacce,34
ebdcadae,111
ebdcadbe,67
ebdcadce,33
ebdcbaae,6
ebdcbabe,3
ebdcbace,18
ebdcbbae,31
ebdcbbbe,27
ebdcbbce,52
ebdcbcae,14
ebdcbcbe,24
ebdcbcce,35
ebdcbdae,48
ebdcbdbe,28
ebdcbdce,30
ebdccaae,18
ebdccabe,2
ebdccace,34
ebdccbae,61
ebdccbbe,19
ebdccbce,132
ebdcccae,18
ebdcccbe,27
ebdcccce,46
ebdccdae,75
ebdccdbe,39
ebdccdce,57
ebdcdaae,9
ebdcdabe,2
ebdcdace,14
ebdcdbae,35
ebdcdbbe,11
ebdcdbce,55
ebdcdcae,3
ebdcdcbe,11
ebdcdcce,28
ebdcddae,53
ebdcddbe,30
ebdcddce,40
ebdceaae,5
ebdceabe,3
ebdceace,57
ebdcebae,38
ebdcebbe,59
ebdcebce,266
ebdcecae,42
ebdcecbe,79
ebdcecce,71
ebdcedae,141
ebdcedbe,94
ebdcedce,31
ebddaaae,2
ebddabae,8
ebddabbe,4
ebddabce,1
ebddacae,6
ebddacce,1
ebddadae,88
ebddadbe,18
ebddadce,2
ebddbabe,1
ebddbbae,8
ebddbbbe,4
ebddbcae,1
ebddbcbe,5
ebddbdae,45
ebddbdbe,11
ebddbdce,4
ebddcaae,3
ebddcabe,1
ebddcace,1
ebddcbae,5
ebddcbbe,3
ebddccae,4
ebddccbe,2
ebddccce,2
ebddcdae,37
ebddcdbe,36
ebddcdce,17
ebdddaae,6
ebdddabe,1
ebdddbae,23
ebdddbbe,10
ebdddbce,3
ebdddcae,4
ebdddcbe,4
ebdddcce,1
ebddddae,18
ebddddbe,26
ebddddce,33
ebddeaae,47
ebddeabe,5
ebddeace,2
ebddebae,156
ebddebbe,47
ebddebce,10
ebddecae,18
ebddecbe,13
ebddecce,2
ebddedae,126
ebddedbe,89
ebddedce,35
ecaaaacc,2
ecaaaacd,2
ecaaabcc,12
ecaaabcd,19
ecaaabce,1
ecaaaccc,7
ecaaaccd,7
ecaaadac,7
ecaaadad,13
ecaaadbc,10
ecaaadbd,8
ecaaadbe,9
ecaaadcc,12
ecaaadcd,13
ecaaadce,4
ecaabacd,1
ecaabbcc,1
ecaabbcd,12
ecaabbce,3
ecaabccc,1
ecaabccd,5
ecaabcce,1
ecaabdac,8
ecaabdad,8
ecaabdae,1
ecaabdbc,9
ecaabdbd,9
ecaabdbe,3
ecaabdcc,5
ecaabdcd,6
ecaabdce,4
ecaacace,1
ecaacbcd,5
ecaacbce,2
ecaacccd,5
ecaaccce,5
ecaacdac,6
ecaacdad,10
ecaacdae,3
ecaacdbc,3
ecaacdbd,7
ecaacdbe,6
ecaacdcc,4
ecaacdcd,6
ecaacdce,10
ecaadacd,1
ecaadbcd,1
ecaadbce,1
ecaadccd,1
ecaadcce,1
ecaaddac,4
ecaaddae,5
ecaaddbc,2
ecaaddbd,7
ecaaddbe,2
ecaaddcc,1
ecaaddcd,2
ecaaddce,3
ecaaeaad,1
ecaaeaae,4
ecaaeabd,1
ecaaeabe,2
ecaaeacd,4
ecaaeace,9
ecaaebac,2
ecaaebad,2
ecaaebae,8
ecaaebbd,1
ecaaebbe,15
ecaaebcc,4
ecaaebcd,16
ecaaebce,42
ecaaecae,6
ecaaecbd,1
ecaaecbe,5
ecaaeccd,18
ecaaecce,23
ecaaedac,2
ecaaedad,1
ecaaedae,13
ecaaedbd,6
ecaaedbe,7
ecaaedcc,9
ecaaedcd,26
ecaaedce,96
ecababcd,2
ecabaccc,1
ecabadac,1
ecabadae,1
ecabadbc,1
ecabadcd,1
ecabadce,9
ecabbbcd,1
ecabbbce,1
ecabbccd,1
ecabbcce,2
ecabbdac,1
ecabbdae,1
ecabbdbc,1
ecabbdbd,1
ecabbdce,7
ecabcace,1
ecabcbcd,1
ecabcbce,3
ecabccce,6
ecabcdac,1
ecabcdae,1
ecabcdbc,1
ecabcdbd,1
ecabcdce,7
ecabddae,5
ecabddbc,1
ecabddbd,2
ecabddcd,1
ecabeaae,2
ecabeabe,1
ecabeace,6
ecabebae,3
ecabebbe,1
ecabebce,5
ecabecae,1
ecabecbe,3
ecabeccc,1
ecabeccd,1
ecabecce,2
ecabedae,8
ecabedbe,6
ecabedcc,1
ecabedce,52
ecacaace,2
ecacabce,21
ecacacce,11
ecacadae,9
ecacadbe,10
ecacadce,14
ecacbace,1
ecacbbce,8
ecacbcce,7
ecacbdae,5
ecacbdbe,12
ecacbdce,8
ecaccace,2
ecaccbce,13
ecacccce,7
ecaccdae,4
ecaccdbe,14
ecaccdce,12
ecacdcce,1
ecacddae,3
ecacddbe,11
ecacddce,5
ecaceaae,2
ecaceace,4
ecacebae,10
ecacebbe,10
ecacebce,49
ecacecae,6
ecacecbe,9
ecacecce,24
ecacedae,8
ecacedbe,11
ecacedce,59
ecadabce,2
ecadacce,5
ecadadae,7
ecadadbe,5
ecadadce,6
ecadbbce,1
ecadbcce,2
ecadbdae,5
ecadbdbe,1
ecadbdce,3
ecadcace,2
ecadcbce,3
ecadccce,1
ecadcdae,10
ecadcdbe,4
ecadcdce,5
ecaddbce,1
ecadddae,6
ecadddbe,6
ecadddce,2
ecadeaae,3
ecadeace,3
ecadebae,15
ecadebbe,10
ecadebce,9
ecadecae,3
ecadecbe,2
ecadecce,6
ecadedae,9
ecadedbe,13
ecadedce,26
ecbaaacc,1
ecbaaacd,2
ecbaabcc,9
ecbaabcd,24
ecbaaccc,4
ecbaaccd,24
ecbaacce,1
ecbaadac,13
ecbaadad,15
ecbaadae,2
ecbaadbc,10
ecbaadbd,11
ecbaadbe,8
ecbaadcc,9
ecbaadcd,18
ecbaadce,7
ecbabacc,1
ecbabacd,1
ecbabace,1
ecbabbcc,4
ecbabbcd,18
ecbabbce,1
ecbabccc,4
ecbabccd,15
ecbabcce,5
ecbabdac,8
ecbabdad,19
ecbabdae,1
ecbabdbc,6
ecbabdbd,6
ecbabdbe,7
ecbabdcc,8
ecbabdcd,17
ecbabdce,8
ecbacacc,1
ecbacacd,3
ecbacace,1
ecbacbcd,16
ecbacbce,6
ecbacccc,1
ecbacccd,13
ecbaccce,10
ecbacdac,16
ecbacdad,20
ecbacdae,4
ecbacdbc,9
ecbacdbd,10
ecbacdbe,9
ecbacdcc,10
ecbacdcd,16
ecbacdce,18
ecbadace,2
ecbadbcd,3
ecbadbce,11
ecbadccc,1
ecbadccd,2
ecbadcce,10
ecbaddac,6
ecbaddad,6
ecbaddae,14
ecbaddbc,4
ecbaddbd,12
ecbaddbe,10
ecbaddcc,2
ecbaddcd,5
ecbaddce,17
ecbaeaae,7
ecbaeabe,4
ecbaeacd,5
ecbaeace,17
ecbaebac,1
ecbaebad,11
ecbaebae,29
ecbaebbd,3
ecbaebbe,24
ecbaebcc,6
ecbaebcd,25
ecbaebce,85
ecbaecad,5
ecbaecae,22
ecbaecbe,24
ecbaeccc,2
ecbaeccd,16
ecbaecce,46
ecbaedac,15
ecbaedad,8
ecbaedae,45
ecbaedbc,1
ecbaedbd,6
ecbaedbe,45
ecbaedcc,15
ecbaedcd,41
ecbaedce,203
ecbbaace,1
ecbbabcd,2
ecbbabce,2
ecbbaccd,1
ecbbacce,2
ecbbadac,1
ecbbadad,1
ecbbadae,1
ecbbadbe,1
ecbbadcc,1
ecbbadce,5
ecbbbbcd,1
ecbbbbce,1
ecbbbccd,2
ecbbbcce,4
ecbbbdac,4
ecbbbdad,1
ecbbbdae,4
ecbbbdbc,2
ecbbbdbd,1
ecbbbdbe,1
ecbbbdcc,1
ecbbbdcd,2
ecbbbdce,4
ecbbcacd,2
ecbbcbcd,1
ecbbcbce,4
ecbbcccd,3
ecbbccce,13
ecbbcdac,2
ecbbcdad,1
ecbbcdae,10
ecbbcdbd,1
ecbbcdbe,11
ecbbcdcc,2
ecbbcdcd,2
ecbbcdce,4
ecbbdbcd,1
ecbbdbce,4
ecbbdccd,1
ecbbdcce,10
ecbbddac,1
ecbbddad,4
ecbbddae,8
ecbbddbc,3
ecbbddbd,1
ecbbddbe,11
ecbbddcc,2
ecbbddcd,1
ecbbddce,13
ecbbeaad,2
ecbbeaae,14
ecbbeabd,1
ecbbeabe,4
ecbbeacd,1
ecbbeace,7
ecbbebad,7
ecbbebae,41
ecbbebbd,1
ecbbebbe,28
ecbbebcd,2
ecbbebce,26
ecbbecae,8
ecbbecbd,1
ecbbecbe,16
ecbbeccc,1
ecbbeccd,1
ecbbecce,22
ecbbedad,1
ecbbedae,39
ecbbedbc,3
ecbbedbd,2
ecbbedbe,26
ecbbedcc,1
ecbbedcd,5
ecbbedce,90
ecbcaace,2
ecbcabce,23
ecbcacce,14
ecbcadae,17
ecbcadbe,16
ecbcadce,19
ecbcbace,1
ecbcbbce,18
ecbcbcce,15
ecbcbdae,12
ecbcbdbe,20
ecbcbdce,21
ecbccace,1
ecbccbce,24
ecbcccce,14
ecbccdae,17
ecbccdbe,22
ecbccdce,41
ecbcdace,1
ecbcdbce,5
ecbcdcce,11
ecbcddae,11
ecbcddbe,18
ecbcddce,25
ecbceaae,3
ecbceabe,2
ecbceace,17
ecbcebae,19
ecbcebbe,12
ecbcebce,85
ecbcecae,13
ecbcecbe,12
ecbcecce,81
ecbcedae,26
ecbcedbe,30
ecbcedce,139
ecbdabce,3
ecbdacce,2
ecbdadae,12
ecbdadbe,3
ecbdadce,4
ecbdbbce,3
ecbdbdae,13
ecbdbdbe,7
ecbdbdce,5
ecbdcace,1
ecbdcbce,6
ecbdccce,3
ecbdcdae,20
ecbdcdbe,10
ecbdcdce,6
ecbddace,1
ecbddbce,13
ecbddcce,2
ecbdddae,10
ecbdddbe,7
ecbdddce,11
ecbdeaae,6
ecbdeabe,1
ecbdeace,6
ecbdebae,19
ecbdebbe,14
ecbdebce,29
ecbdecae,2
ecbdecbe,8
ecbdecce,20
ecbdedae,29
ecbdedbe,27
ecbdedce,56
eccaabcc,2
eccaadac,1
eccabbcc,1
eccabbcd,1
eccabccc,1
eccabdad,1
eccabdbe,1
eccabdcd,1
eccabdce,2
eccacbcd,2
eccacbce,1
eccacccc,1
eccaccce,2
eccacdac,2
eccacdad,3
eccacdbc,1
eccacdbd,2
eccacdbe,2
eccacdcd,5
eccacdce,5
eccadbce,6
eccadccd,1
eccadcce,3
eccaddac,4
eccaddad,1
eccaddae,1
eccaddbc,1
eccaddbd,3
eccaddbe,4
eccaddcd,1
eccaddce,10
eccaeaac,1
eccaeaad,1
eccaeaae,3
eccaeabd,1
eccaeabe,1
eccaeace,2
eccaebac,1
eccaebad,2
eccaebae,5
eccaebbe,8
eccaebcd,1
eccaebce,6
eccaecae,1
eccaecbe,3
eccaeccd,1
eccaecce,4
eccaedac,1
eccaedad,3
eccaedae,11
eccaedbc,2
eccaedbe,7
eccaedcc,2
eccaedcd,2
eccaedce,21
eccbabcc,1
eccbabcd,1
eccbacce,1
eccbadbd,1
eccbadce,1
eccbbace,1
eccbbdad,1
eccbbdae,1
eccbbdce,1
eccbcbcd,1
eccbcbce,2
eccbccce,3
eccbcdad,2
eccbcdbc,1
eccbcdbd,1
eccbcdbe,3
eccbcdce,1
eccbdbcd,1
eccbdbce,3
eccbdccd,2
eccbdcce,4
eccbddac,1
eccbddad,2
eccbddae,9
eccbddbc,1
eccbddbd,3
eccbddbe,9
eccbddce,10
eccbeaae,10
eccbeace,1
eccbebad,3
eccbebae,25
eccbebbe,19
eccbebce,9
eccbecad,1
eccbecae,7
eccbecbe,14
eccbecce,11
eccbedac,1
eccbedad,4
eccbedae,27
eccbedbc,2
eccbedbd,3
eccbedbe,36
eccbedcc,1
eccbedcd,5
eccbedce,30
ecccacce,1
ecccadbe,1
ecccadce,1
ecccbbce,2
ecccbdae,1
ecccbdbe,1
ecccbdce,2
eccccace,1
eccccbce,2
ecccccce,2
eccccdae,5
eccccdbe,4
eccccdce,7
ecccdbce,2
ecccddbe,9
ecccddce,5
eccceaae,2
eccceabe,2
eccceace,2
ecccebae,8
ecccebbe,4
ecccebce,12
ecccecae,4
ecccecbe,3
ecccecce,23
ecccedae,11
ecccedbe,18
ecccedce,21
eccdadbe,1
eccdadce,2
eccdbdae,1
eccdbdce,1
eccdcace,1
eccdcbce,1
eccdccce,3
eccdcdae,3
eccdcdbe,1
eccdcdce,1
eccddbce,5
eccddcce,2
eccdddae,2
eccdddbe,4
eccdddce,3
eccdeaae,1
eccdebae,9
eccdebbe,8
eccdebce,10
eccdecae,1
eccdecbe,8
eccdecce,5
eccdedae,10
eccdedbe,10
eccdedce,17
ecdaaaad,3
ecdaaabc,1
ecdaaabe,2
ecdaaacd,20
ecdaabac,1
ecdaabad,18
ecdaabae,7
ecdaabbd,10
ecdaabbe,4
ecdaabcc,4
ecdaabcd,55
ecdaabce,3
ecdaacad,7
ecdaacae,2
ecdaacbd,13
ecdaacbe,2
ecdaaccc,6
ecdaaccd,20
ecdaacce,2
ecdaadac,1
ecdaadad,14
ecdaadae,14
ecdaadbc,14
ecdaadbd,14
ecdaadbe,11
ecdaadcc,2
ecdaadcd,4
ecdaadce,3
ecdabacd,8
ecdabbac,1
ecdabbad,5
ecdabbae,5
ecdabbbc,1
ecdabbbd,5
ecdabbbe,4
ecdabbcc,1
ecdabbcd,32
ecdabbce,4
ecdabcad,1
ecdabcae,4
ecdabcbd,6
ecdabcbe,4
ecdabccc,3
ecdabccd,16
ecdabcce,10
ecdabdad,11
ecdabdae,6
ecdabdbd,16
ecdabdbe,16
ecdabdcc,1
ecdabdcd,11
ecdabdce,8
ecdacaad,9
ecdacaae,1
ecdacabe,1
ecdacacd,5
ecdacace,3
ecdacbac,1
ecdacbad,18
ecdacbae,14
ecdacbbd,4
ecdacbbe,7
ecdacbcd,46
ecdacbce,16
ecdaccad,3
ecdaccae,4
ecdaccbd,6
ecdaccbe,5
ecdacccc,2
ecdacccd,19
ecdaccce,17
ecdacdad,11
ecdacdae,6
ecdacdbc,1
ecdacdbd,9
ecdacdbe,17
ecdacdcd,22
ecdacdce,12
ecdadaad,2
ecdadaae,4
ecdadbad,6
ecdadbae,12
ecdadbbd,4
ecdadbbe,8
ecdadbcd,12
ecdadbce,13
ecdadcac,1
ecdadcad,1
ecdadcae,5
ecdadcbd,2
ecdadcbe,8
ecdadccd,5
ecdadcce,18
ecdaddad,9
ecdaddae,16
ecdaddbd,3
ecdaddbe,18
ecdaddcd,7
ecdaddce,20
ecdaeaad,1
ecdaeaae,3
ecdaeabd,2
ecdaeabe,1
ecdaeacd,4
ecdaeace,34
ecdaebac,4
ecdaebad,2
ecdaebae,14
ecdaebbc,2
ecdaebbd,8
ecdaebbe,23
ecdaebcd,22
ecdaebce,170
ecdaecac,1
ecdaecad,4
ecdaecae,14
ecdaecbc,1
ecdaecbd,9
ecdaecbe,37
ecdaeccd,4
ecdaecce,83
ecdaedac,7
ecdaedad,1
ecdaedae,67
ecdaedbc,28
ecdaedbd,4
ecdaedbe,137
ecdaedcc,7
ecdaedcd,3
ecdaedce,71
ecdbaaae,1
ecdbaace,4
ecdbabad,1
ecdbabcd,3
ecdbabce,31
ecdbacbd,1
ecdbaccc,1
ecdbaccd,1
ecdbacce,15
ecdbadac,1
ecdbadad,2
ecdbadae,1
ecdbadbd,2
ecdbadbe,1
ecdbadcd,1
ecdbadce,3
ecdbbacd,1
ecdbbace,3
ecdbbbbd,2
ecdbbbbe,2
ecdbbbcd,2
ecdbbbce,16
ecdbbcbd,1
ecdbbccd,1
ecdbbcce,12
ecdbbdad,1
ecdbbdbd,2
ecdbbdbe,2
ecdbbdcd,2
ecdbbdce,3
ecdbcaad,1
ecdbcacd,1
ecdbcbad,1
ecdbcbae,1
ecdbcbbd,1
ecdbcbbe,1
ecdbcbcd,6
ecdbcbce,16
ecdbcccd,4
ecdbccce,11
ecdbcdac,1
ecdbcdad,3
ecdbcdae,3
ecdbcdbd,2
ecdbcdcd,1
ecdbcdce,7
ecdbdaae,2
ecdbdabe,1
ecdbdacd,2
ecdbdace,1
ecdbdbae,8
ecdbdbbe,5
ecdbdbcd,6
ecdbdbce,20
ecdbdcae,2
ecdbdcbd,1
ecdbdcbe,8
ecdbdccd,1
ecdbdcce,16
ecdbddac,1
ecdbddad,3
ecdbddae,11
ecdbddbc,1
ecdbddbd,2
ecdbddbe,6
ecdbddcd,8
ecdbddce,29
ecdbeaae,5
ecdbeabe,3
ecdbeace,25
ecdbebad,1
ecdbebae,21
ecdbebbe,26
ecdbebce,128
ecdbecad,2
ecdbecae,17
ecdbecbd,3
ecdbecbe,30
ecdbecce,83
ecdbedac,1
ecdbedae,35
ecdbedbc,1
ecdbedbd,1
ecdbedbe,64
ecdbedcd,3
ecdbedce,71
ecdcaaae,2
ecdcaabe,1
ecdcaace,6
ecdcabae,19
ecdcabbe,4
ecdcabce,28
ecdcacae,9
ecdcacbe,12
ecdcacce,24
ecdcadae,20
ecdcadbe,30
ecdcadce,24
ecdcbabe,1
ecdcbace,3
ecdcbbae,9
ecdcbbbe,7
ecdcbbce,30
ecdcbcae,1
ecdcbcbe,8
ecdcbcce,23
ecdcbdae,10
ecdcbdbe,14
ecdcbdce,14
ecdccaae,2
ecdccabe,1
ecdccace,11
ecdccbae,16
ecdccbbe,16
ecdccbce,58
ecdcccae,8
ecdcccbe,12
ecdcccce,36
ecdccdae,19
ecdccdbe,27
ecdccdce,32
ecdcdaae,3
ecdcdabe,2
ecdcdace,4
ecdcdbae,11
ecdcdbbe,5
ecdcdbce,30
ecdcdcae,3
ecdcdcbe,11
ecdcdcce,23
ecdcddae,16
ecdcddbe,18
ecdcddce,40
ecdceaae,1
ecdceabe,2
ecdceace,30
ecdcebae,8
ecdcebbe,14
ecdcebce,126
ecdcecae,21
ecdcecbe,44
ecdcecce,84
ecdcedae,32
ecdcedbe,68
ecdcedce,46
ecddabae,1
ecddabbe,4
ecddabce,1
ecddacae,2
ecddacbe,3
ecddadae,14
ecddadbe,6
ecddbbae,2
ecddbbce,3
ecddbcbe,2
ecddbdae,6
ecddbdbe,7
ecddbdce,1
ecddcaae,1
ecddcbae,4
ecddcbbe,2
ecddcbce,1
ecddccae,1
ecddccbe,2
ecddccce,1
ecddcdae,8
ecddcdbe,7
ecddcdce,4
ecdddaae,1
ecdddbae,7
ecdddbbe,3
ecdddbce,1
ecdddcae,2
ecdddcce,2
ecddddae,8
ecddddbe,9
ecddddce,23
ecddeaae,9
ecddeabe,2
ecddeace,2
ecddebae,32
ecddebbe,26
ecddebce,9
ecddecae,12
ecddecbe,14
ecddecce,6
ecddedae,17
ecddedbe,31
ecddedce,38
edaaaaac,3
edaaaaad,29
edaaaaae,5
edaaaabc,1
edaaaabd,15
edaaaabe,4
edaaaacc,6
edaaaacd,2
edaaabac,8
edaaabad,107
edaaabae,13
edaaabbc,5
edaaabbd,87
edaaabbe,13
edaaabcc,23
edaaabcd,18
edaaabce,12
edaaacac,2
edaaacad,16
edaaacae,4
edaaacbc,4
edaaacbd,27
edaaacbe,3
edaaaccc,7
edaaaccd,15
edaaacce,9
edaaadac,34
edaaadad,78
edaaadae,4
edaaadbc,12
edaaadbd,44
edaaadbe,8
edaaadcc,45
edaaadcd,12
edaaadce,29
edaabaad,13
edaabaae,2
edaababd,5
edaabacc,1
edaabacd,6
edaabace,1
edaabbac,2
edaabbad,32
edaabbae,7
edaabbbc,4
edaabbbd,22
edaabbbe,9
edaabbcc,2
edaabbcd,14
edaabbce,12
edaabcac,1
edaabcad,6
edaabcae,5
edaabcbc,2
edaabcbd,10
edaabcbe,7
edaabccc,2
edaabccd,12
edaabcce,9
edaabdac,3
edaabdad,42
edaabdae,3
edaabdbc,4
edaabdbd,29
edaabdbe,4
edaabdcc,50
edaabdcd,4
edaabdce,14
edaacaac,3
edaacaad,11
edaacaae,4
edaacabd,5
edaacabe,2
edaacacd,4
edaacace,1
edaacbac,1
edaacbad,20
edaacbae,8
edaacbbc,2
edaacbbd,29
edaacbbe,9
edaacbcd,13
edaacbce,22
edaaccac,1
edaaccad,4
edaaccae,3
edaaccbc,2
edaaccbd,13
edaaccbe,9
edaacccd,4
edaaccce,7
edaacdac,1
edaacdad,39
edaacdae,1
edaacdbd,22
edaacdbe,16
edaacdcc,38
edaacdcd,2
edaacdce,17
edaadaad,14
edaadaae,1
edaadabd,4
edaadabe,3
edaadacd,2
edaadace,4
edaadbad,17
edaadbae,3
edaadbbd,3
edaadbbe,6
edaadbcd,1
edaadbce,8
edaadcae,2
edaadcbc,1
edaadcbd,2
edaadcbe,4
edaadccd,2
edaadcce,9
edaaddac,1
edaaddad,9
edaaddae,8
edaaddbc,1
edaaddbd,4
edaaddbe,11
edaaddcc,6
edaaddce,8
edaaeaad,16
edaaeaae,14
edaaeabd,7
edaaeabe,2
edaaeacc,127
edaaeacd,15
edaaeace,30
edaaebad,28
edaaebae,39
edaaebbd,12
edaaebbe,37
edaaebcc,103
edaaebcd,29
edaaebce,101
edaaecad,5
edaaecae,11
edaaecbd,4
edaaecbe,11
edaaeccc,9
edaaeccd,7
edaaecce,22
edaaedac,35
edaaedad,4
edaaedae,51
edaaedbc,31
edaaedbd,3
edaaedbe,42
edaaedcc,8
edaaedcd,6
edaaedce,57
edabaaae,11
edabaabe,3
edababad,1
edababae,27
edababbc,1
edababbd,5
edababbe,26
edababcd,1
edababce,5
edabacae,7
edabacbe,7
edabaccd,1
edabacce,1
edabadac,1
edabadad,4
edabadae,17
edabadbd,3
edabadbe,7
edabadcc,2
edabadcd,1
edabadce,3
edabbaae,4
edabbabe,3
edabbbad,2
edabbbae,7
edabbbbd,1
edabbbbe,5
edabbbce,1
edabbcae,2
edabbcce,1
edabbdad,2
edabbdae,6
edabbdbd,3
edabbdbe,9
edabbdcc,2
edabcaad,2
edabcaae,4
edabcabd,1
edabcabe,1
edabcacd,2
edabcace,1
edabcbac,1
edabcbad,4
edabcbae,13
edabcbbe,9
edabcbce,2
edabccad,1
edabccae,1
edabccbe,1
edabccce,2
edabcdad,4
edabcdae,14
edabcdbd,1
edabcdbe,13
edabcdcc,1
edabcdce,4
edabdaad,2
edabdaae,1
edabdace,4
edabdbae,1
edabdbbd,1
edabdbbe,4
edabdbcd,2
edabdbce,6
edabdcbe,1
edabdcce,8
edabddae,10
edabddbe,6
edabddce,3
edabeaae,1
edabeabe,1
edabeacc,3
edabeacd,1
edabeace,8
edabebad,1
edabebae,5
edabebbd,3
edabebbe,3
edabebcc,5
edabebce,26
edabecae,3
edabecbd,1
edabecbe,4
edabecce,8
edabedac,5
edabedae,34
edabedbc,4
edabedbd,2
edabedbe,21
edabedcc,2
edabedce,22
edacaaae,26
edacaabe,8
edacaace,15
edacabae,72
edacabbe,85
edacabce,78
edacacae,18
edacacbe,26
edacacce,26
edacadae,56
edacadbe,23
edacadce,39
edacbaae,7
edacbabe,6
edacbace,11
edacbbae,29
edacbbbe,34
edacbbce,31
edacbcae,2
edacbcbe,23
edacbcce,23
edacbdae,19
edacbdbe,5
edacbdce,15
edaccaae,10
edaccabe,4
edaccace,10
edaccbae,27
edaccbbe,26
edaccbce,25
edacccae,8
edacccbe,15
edacccce,16
edaccdae,9
edaccdbe,12
edaccdce,16
edacdaae,4
edacdabe,6
edacdace,4
edacdbae,7
edacdbbe,8
edacdbce,13
edacdcae,3
edacdcbe,6
edacdcce,6
edacddae,4
edacddbe,8
edacddce,9
edaceaae,13
edaceabe,7
edaceace,91
edacebae,32
edacebbe,27
edacebce,151
edacecae,5
edacecbe,10
edacecce,47
edacedae,49
edacedbe,27
edacedce,27
edadaaae,12
edadaabe,1
edadaace,1
edadabae,14
edadabbe,3
edadabce,1
edadacae,3
edadacbe,2
edadacce,2
edadadae,4
edadadbe,2
edadadce,51
edadbaae,6
edadbabe,1
edadbbae,8
edadbbbe,5
edadbbce,1
edadbcbe,3
edadbdbe,2
edadbdce,59
edadcaae,6
edadcabe,3
edadcbae,11
edadcbbe,6
edadcbce,3
edadccae,2
edadccbe,4
edadcdae,3
edadcdbe,2
edadcdce,42
edaddaae,18
edaddabe,4
edaddace,1
edaddbae,19
edaddbbe,3
edaddbce,2
edaddcae,1
edaddcce,2
edadddae,4
edadddce,8
edadeace,83
edadebae,3
edadebbe,8
edadebce,81
edadecae,1
edadecbe,1
edadecce,8
edadedae,45
edadedbe,51
edadedce,19
edbaaaac,7
edbaaaad,31
edbaaaae,1
edbaaabd,8
edbaaabe,3
edbaaacc,11
edbaaacd,11
edbaaace,2
edbaabac,13
edbaabad,76
edbaabae,14
edbaabbc,5
edbaabbd,64
edbaabbe,11
edbaabcc,23
edbaabcd,28
edbaabce,20
edbaacac,2
edbaacad,18
edbaacae,2
edbaacbc,10
edbaacbd,23
edbaacbe,5
edbaaccc,8
edbaaccd,20
edbaacce,10
edbaadac,25
edbaadad,101
edbaadae,2
edbaadbc,6
edbaadbd,47
edbaadbe,8
edbaadcc,61
edbaadcd,13
edbaadce,33
edbabaac,5
edbabaad,11
edbabaae,2
edbababd,7
edbababe,1
edbabacc,1
edbabacd,7
edbabace,3
edbabbac,6
edbabbad,41
edbabbae,10
edbabbbc,5
edbabbbd,41
edbabbbe,14
edbabbcc,3
edbabbcd,34
edbabbce,11
edbabcad,7
edbabcae,5
edbabcbc,4
edbabcbd,12
edbabcbe,10
edbabccc,1
edbabccd,12
edbabcce,14
edbabdac,2
edbabdad,96
edbabdae,4
edbabdbc,2
edbabdbd,47
edbabdbe,9
edbabdcc,70
edbabdcd,10
edbabdce,20
edbacaac,4
edbacaad,35
edbacaae,3
edbacabc,2
edbacabd,6
edbacabe,2
edbacacd,6
edbacace,3
edbacbac,4
edbacbad,80
edbacbae,32
edbacbbc,7
edbacbbd,50
edbacbbe,29
edbacbcc,3
edbacbcd,27
edbacbce,34
edbaccac,2
edbaccad,22
edbaccae,13
edbaccbc,2
edbaccbd,20
edbaccbe,14
edbacccc,2
edbacccd,15
edbaccce,22
edbacdac,4
edbacdad,88
edbacdae,34
edbacdbc,3
edbacdbd,44
edbacdbe,44
edbacdcc,54
edbacdcd,13
edbacdce,35
edbadaac,2
edbadaad,80
edbadaae,11
edbadabd,11
edbadabe,4
edbadacd,3
edbadace,5
edbadbad,87
edbadbae,27
edbadbbc,4
edbadbbd,22
edbadbbe,28
edbadbcc,2
edbadbcd,9
edbadbce,47
edbadcad,6
edbadcae,7
edbadcbc,1
edbadcbd,4
edbadcbe,20
edbadccd,5
edbadcce,19
edbaddac,2
edbaddad,23
edbaddae,67
edbaddbc,1
edbaddbd,6
edbaddbe,59
edbaddcc,10
edbaddcd,7
edbaddce,32
edbaeaac,1
edbaeaad,28
edbaeaae,42
edbaeabd,5
edbaeabe,17
edbaeacc,187
edbaeacd,15
edbaeace,69
edbaebad,40
edbaebae,117
edbaebbd,17
edbaebbe,67
edbaebcc,170
edbaebcd,49
edbaebce,219
edbaecad,7
edbaecae,28
edbaecbd,5
edbaecbe,53
edbaeccc,21
edbaeccd,8
edbaecce,81
edbaedac,92
edbaedad,7
edbaedae,282
edbaedbc,96
edbaedbd,6
edbaedbe,123
edbaedcc,27
edbaedcd,17
edbaedce,128
edbbaaad,1
edbbaaae,13
edbbaabd,1
edbbaabe,6
edbbaace,1
edbbabad,7
edbbabae,28
edbbabbc,1
edbbabbd,5
edbbabbe,15
edbbabcc,2
edbbabcd,5
edbbacad,3
edbbacae,7
edbbacbd,2
edbbacbe,4
edbbaccc,1
edbbaccd,4
edbbacce,1
edbbadac,1
edbbadad,5
edbbadae,21
edbbadbc,1
edbbadbd,5
edbbadbe,12
edbbadcc,6
edbbadcd,2
edbbadce,3
edbbbaad,2
edbbbaae,5
edbbbabc,1
edbbbabd,1
edbbbabe,3
edbbbacd,2
edbbbace,1
edbbbbac,2
edbbbbad,5
edbbbbae,19
edbbbbbd,3
edbbbbbe,11
edbbbbcd,3
edbbbbce,3
edbbbcad,2
edbbbcae,2
edbbbcbd,1
edbbbcbe,10
edbbbcce,3
edbbbdac,3
edbbbdad,9
edbbbdae,18
edbbbdbd,6
edbbbdbe,12
edbbbdcc,4
edbbbdce,9
edbbcaad,12
edbbcaae,8
edbbcabd,3
edbbcabe,5
edbbcacd,3
edbbcace,2
edbbcbad,26
edbbcbae,35
edbbcbbc,2
edbbcbbd,5
edbbcbbe,13
edbbcbcd,4
edbbcbce,12
edbbccad,1
edbbccae,8
edbbccbd,6
edbbccbe,6
edbbcccd,2
edbbccce,6
edbbcdac,1
edbbcdad,14
edbbcdae,36
edbbcdbd,6
edbbcdbe,21
edbbcdcc,7
edbbcdcd,3
edbbcdce,13
edbbdaad,36
edbbdaae,12
edbbdabd,3
edbbdabe,1
edbbdacd,2
edbbdace,1
edbbdbad,42
edbbdbae,27
edbbdbbc,1
edbbdbbd,14
edbbdbbe,17
edbbdbcd,3
edbbdbce,48
edbbdcad,1
edbbdcae,7
edbbdcbd,4
edbbdcbe,8
edbbdccd,2
edbbdcce,12
edbbddac,2
edbbddad,1
edbbddae,54
edbbddbc,3
edbbddbd,3
edbbddbe,42
edbbddcd,2
edbbddce,15
edbbeaad,9
edbbeaae,27
edbbeabd,1
edbbeabe,6
edbbeacc,21
edbbeacd,2
edbbeace,43
edbbebad,8
edbbebae,53
edbbebbd,7
edbbebbe,29
edbbebcc,12
edbbebcd,7
edbbebce,143
edbbecad,2
edbbecae,9
edbbecbd,1
edbbecbe,24
edbbeccd,6
edbbecce,45
edbbedac,16
edbbedad,2
edbbedae,223
edbbedbc,19
edbbedbd,3
edbbedbe,112
edbbedcc,3
edbbedcd,5
edbbedce,81
edbcaaae,19
edbcaabe,8
edbcaace,18
edbcabae,77
edbcabbe,70
edbcabce,59
edbcacae,17
edbcacbe,38
edbcacce,28
edbcadae,38
edbcadbe,28
edbcadce,50
edbcbaae,12
edbcbabe,4
edbcbace,11
edbcbbae,47
edbcbbbe,38
edbcbbce,51
edbcbcae,9
edbcbcbe,17
edbcbcce,27
edbcbdae,27
edbcbdbe,18
edbcbdce,27
edbccaae,19
edbccabe,9
edbccace,8
edbccbae,55
edbccbbe,59
edbccbce,60
edbcccae,14
edbcccbe,33
edbcccce,35
edbccdae,28
edbccdbe,27
edbccdce,44
edbcdaae,4
edbcdabe,4
edbcdace,7
edbcdbae,45
edbcdbbe,50
edbcdbce,49
edbcdcae,10
edbcdcbe,26
edbcdcce,26
edbcddae,23
edbcddbe,34
edbcddce,29
edbceaae,40
edbceabe,23
edbceace,80
edbcebae,107
edbcebbe,63
edbcebce,249
edbcecae,23
edbcecbe,39
edbcecce,91
edbcedae,335
edbcedbe,160
edbcedce,92
edbdaaae,8
edbdaabe,1
edbdabae,12
edbdabbe,2
edbdabce,1
edbdacae,2
edbdacbe,4
edbdacce,3
edbdadae,3
edbdadbe,3
edbdadce,68
edbdbaae,9
edbdbabe,1
edbdbace,1
edbdbbae,19
edbdbbbe,14
edbdbbce,2
edbdbcbe,2
edbdbcce,4
edbdbdae,5
edbdbdbe,2
edbdbdce,90
edbdcaae,31
edbdcabe,1
edbdcace,1
edbdcbae,56
edbdcbbe,18
edbdcbce,5
edbdccae,6
edbdccbe,12
edbdccce,3
edbdcdae,5
edbdcdbe,2
edbdcdce,61
edbddaae,83
edbddabe,6
edbddace,3
edbddbae,116
edbddbbe,52
edbddbce,7
edbddcae,6
edbddcbe,16
edbddcce,1
edbdddae,7
edbdddbe,1
edbdddce,18
edbdeaae,10
edbdeabe,2
edbdeace,181
edbdebae,19
edbdebbe,12
edbdebce,184
edbdecae,1
edbdecbe,10
edbdecce,30
edbdedae,143
edbdedbe,167
edbdedce,52
edcaaabc,1
edcaaabd,2
edcaabad,6
edcaabbd,4
edcaabcd,2
edcaacad,1
edcaacbd,3
edcaacbe,1
edcaaccc,2
edcaacce,1
edcaadad,8
edcaadbc,1
edcaadbd,2
edcaadcc,2
edcaadce,3
edcabbad,3
edcabbae,2
edcabbbc,1
edcabbbd,1
edcabbcd,2
edcabbce,3
edcabcad,1
edcabcae,1
edcabcbd,1
edcabcce,4
edcabdac,1
edcabdad,10
edcabdbd,2
edcabdcc,8
edcabdcd,2
edcabdce,3
edcacaad,9
edcacaae,1
edcacacc,1
edcacacd,2
edcacbad,11
edcacbae,3
edcacbbd,6
edcacbbe,3
edcacbcd,3
edcacbce,14
edcaccae,1
edcaccbd,2
edcaccbe,3
edcacccd,1
edcaccce,3
edcacdac,2
edcacdad,6
edcacdae,3
edcacdbc,1
edcacdbd,3
edcacdbe,7
edcacdcc,5
edcacdcd,3
edcacdce,4
edcadaad,13
edcadaae,5
edcadabd,4
edcadabe,3
edcadacd,2
edcadace,1
edcadbad,20
edcadbae,6
edcadbbd,7
edcadbbe,10
edcadbce,15
edcadcad,2
edcadcae,3
edcadcbd,2
edcadcbe,7
edcadccd,4
edcadcce,7
edcaddad,1
edcaddae,20
edcaddbd,1
edcaddbe,11
edcaddcd,2
edcaddce,11
edcaeaad,6
edcaeaae,9
edcaeabe,7
edcaeacc,13
edcaeacd,5
edcaeace,13
edcaebad,12
edcaebae,27
edcaebbd,3
edcaebbe,25
edcaebcc,3
edcaebcd,4
edcaebce,55
edcaecad,4
edcaecae,4
edcaecbd,3
edcaecbe,10
edcaeccd,3
edcaecce,20
edcaedac,13
edcaedad,1
edcaedae,92
edcaedbc,9
edcaedbd,2
edcaedbe,47
edcaedcc,3
edcaedcd,4
edcaedce,35
edcbaabd,1
edcbabad,2
edcbabae,1
edcbabbc,1
edcbabbe,1
edcbabcd,2
edcbabce,1
edcbacbd,1
edcbacce,1
edcbadcc,2
edcbbaad,3
edcbbaae,1
edcbbacd,1
edcbbbad,3
edcbbbae,4
edcbbbbd,1
edcbbbcd,1
edcbbbce,2
edcbbcae,1
edcbbcbd,1
edcbbcbe,1
edcbbcce,2
edcbbdad,5
edcbbdae,3
edcbbdbd,1
edcbbdbe,2
edcbbdcc,3
edcbbdcd,1
edcbbdce,1
edcbcaad,6
edcbcaae,3
edcbcabc,1
edcbcabe,2
edcbcbad,6
edcbcbae,7
edcbcbbd,1
edcbcbbe,4
edcbcbcd,3
edcbcbce,13
edcbccad,3
edcbccae,2
edcbccbd,2
edcbccbe,5
edcbcccd,4
edcbccce,5
edcbcdad,9
edcbcdae,17
edcbcdbd,5
edcbcdbe,8
edcbcdcc,3
edcbcdcd,1
edcbcdce,3
edcbdaac,1
edcbdaad,17
edcbdaae,5
edcbdabd,1
edcbdabe,2
edcbdbad,22
edcbdbae,17
edcbdbbd,15
edcbdbbe,13
edcbdbcd,1
edcbdbce,26
edcbdcad,6
edcbdcae,1
edcbdcbd,6
edcbdcbe,6
edcbdccd,2
edcbdcce,10
edcbddad,4
edcbddae,36
edcbddbd,3
edcbddbe,32
edcbddcd,2
edcbddce,19
edcbeaad,5
edcbeaae,16
edcbeabd,1
edcbeabe,6
edcbeacc,6
edcbeacd,2
edcbeace,19
edcbebad,14
edcbebae,67
edcbebbd,9
edcbebbe,28
edcbebcc,8
edcbebcd,5
edcbebce,103
edcbecad,2
edcbecae,11
edcbecbd,7
edcbecbe,18
edcbeccc,1
edcbeccd,6
edcbecce,43
edcbedac,6
edcbedae,196
edcbedbc,8
edcbedbd,3
edcbedbe,115
edcbedcc,1
edcbedcd,4
edcbedce,53
edccaabe,1
edccabae,3
edccabbe,2
edccabce,1
edccacae,1
edccacbe,3
edccacce,1
edccadae,2
edccadbe,3
edccadce,1
edccbabe,1
edccbbae,4
edccbbbe,4
edccbbce,8
edccbcae,3
edccbcbe,3
edccbcce,2
edccbdae,5
edccbdbe,2
edcccaae,2
edcccabe,3
edcccace,3
edcccbae,7
edcccbbe,5
edcccbce,10
edccccbe,10
edccccce,10
edcccdae,3
edcccdbe,5
edcccdce,3
edccdaae,2
edccdabe,3
edccdbae,19
edccdbbe,17
edccdbce,15
edccdcae,3
edccdcbe,14
edccdcce,14
edccddae,6
edccddbe,19
edccddce,6
edcceaae,13
edcceabe,6
edcceace,23
edccebae,30
edccebbe,25
edccebce,80
edccecae,9
edccecbe,16
edccecce,32
edccedae,199
edccedbe,100
edccedce,37
edcdabbe,1
edcdabce,1
edcdacae,1
edcdacce,1
edcdadae,1
edcdadce,3
edcdbaae,1
edcdbbae,3
edcdbbbe,1
edcdbdce,8
edcdcaae,8
edcdcabe,2
edcdcbae,19
edcdcbbe,5
edcdcbce,2
edcdccae,3
edcdccbe,2
edcdccce,1
edcdcdae,1
edcdcdce,8
edcddaae,31
edcddabe,2
edcddbae,28
edcddbbe,13
edcddbce,3
edcddcae,6
edcddcbe,5
edcddcce,2
edcdddae,4
edcdddbe,4
edcdddce,3
edcdeaae,3
edcdeabe,3
edcdeace,18
edcdebae,16
edcdebbe,16
edcdebce,32
edcdecae,2
edcdecbe,9
edcdecce,18
edcdedae,19
edcdedbe,40
edcdedce,25
eddaaaad,3
eddaaabc,1
eddaaabd,5
eddaaabe,2
eddaaacc,18
eddaaacd,31
eddaaace,2
eddaabac,1
eddaabad,12
eddaabae,11
eddaabbd,13
eddaabbe,15
eddaabcc,37
eddaabcd,91
eddaabce,5
eddaacad,2
eddaacae,10
eddaacbd,5
eddaacbe,17
eddaaccc,5
eddaaccd,77
eddaacce,16
eddaadac,6
eddaadad,75
eddaadae,5
eddaadbc,3
eddaadbd,88
eddaadbe,10
eddaadcc,2
eddaadcd,30
eddaadce,11
eddabaac,1
eddabaad,2
eddababc,2
eddababd,1
eddababe,3
eddabacc,2
eddabacd,14
eddabace,1
eddabbac,2
eddabbad,5
eddabbae,11
eddabbbc,1
eddabbbd,8
eddabbbe,30
eddabbcc,5
eddabbcd,64
eddabbce,24
eddabcad,4
eddabcae,10
eddabcbd,2
eddabcbe,19
eddabccd,41
eddabcce,19
eddabdac,3
eddabdad,55
eddabdae,3
eddabdbc,1
eddabdbd,60
eddabdbe,10
eddabdcd,16
eddabdce,14
eddacaad,5
eddacaae,7
eddacabc,1
eddacabd,1
eddacabe,4
eddacacd,8
eddacace,3
eddacbac,1
eddacbad,30
eddacbae,30
eddacbbc,1
eddacbbd,11
eddacbbe,31
eddacbcd,68
eddacbce,41
eddaccad,2
eddaccae,5
eddaccbd,5
eddaccbe,15
eddacccc,1
eddacccd,26
eddaccce,65
eddacdac,3
eddacdad,197
eddacdae,17
eddacdbc,2
eddacdbd,100
eddacdbe,40
eddacdcd,17
eddacdce,34
eddadaad,21
eddadaae,12
eddadabd,4
eddadabe,4
eddadacd,1
eddadace,4
eddadbad,25
eddadbae,34
eddadbbd,7
eddadbbe,30
eddadbcd,7
eddadbce,21
eddadcad,4
eddadcae,7
eddadcbd,4
eddadcbe,15
eddadccd,7
eddadcce,40
eddaddac,1
eddaddad,154
eddaddae,38
eddaddbd,41
eddaddbe,53
eddaddcd,5
eddaddce,27
eddaeaac,1
eddaeaad,152
eddaeaae,128
eddaeabd,26
eddaeabe,35
eddaeacd,3
eddaeace,12
eddaebad,233
eddaebae,309
eddaebbd,92
eddaebbe,201
eddaebcd,11
eddaebce,80
eddaecad,45
eddaecae,64
eddaecbd,19
eddaecbe,124
eddaeccd,6
eddaecce,89
eddaedac,4
eddaedad,20
eddaedae,54
eddaedbc,6
eddaedbd,12
eddaedbe,80
eddaedcc,1
eddaedcd,3
eddaedce,64
eddbaaad,1
eddbaaae,2
eddbaacc,1
eddbaace,4
eddbabac,1
eddbabad,1
eddbabae,3
eddbabbc,1
eddbabbd,1
eddbabbe,2
eddbabcd,3
eddbabce,14
eddbacae,1
eddbacbd,1
eddbacbe,1
eddbaccd,4
eddbacce,11
eddbadad,7
eddbadae,2
eddbadbd,7
eddbadbe,17
eddbadcd,1
eddbadce,5
eddbbaae,2
eddbbabe,1
eddbbacd,1
eddbbbac,3
eddbbbad,1
eddbbbae,1
eddbbbbd,2
eddbbbbe,1
eddbbbcd,7
eddbbbce,8
eddbbcbd,1
eddbbcbe,2
eddbbccd,2
eddbbcce,9
eddbbdad,11
eddbbdae,11
eddbbdbd,4
eddbbdbe,30
eddbbdcd,4
eddbbdce,5
eddbcaad,2
eddbcaae,8
eddbcabd,1
eddbcabe,5
eddbcbad,7
eddbcbae,14
eddbcbbd,4
eddbcbbe,10
eddbcbcd,7
eddbcbce,10
eddbccae,2
eddbccbd,1
eddbccbe,4
eddbcccd,6
eddbccce,21
eddbcdad,55
eddbcdae,55
eddbcdbd,20
eddbcdbe,62
eddbcdcd,2
eddbcdce,28
eddbdaad,20
eddbdaae,39
eddbdabd,2
eddbdabe,10
eddbdace,2
eddbdbad,27
eddbdbae,70
eddbdbbd,7
eddbdbbe,35
eddbdbcd,3
eddbdbce,16
eddbdcad,2
eddbdcae,12
eddbdcbd,2
eddbdcbe,4
eddbdccd,1
eddbdcce,10
eddbddad,71
eddbddae,50
eddbddbd,12
eddbddbe,67
eddbddcd,3
eddbddce,25
eddbeaad,21
eddbeaae,128
eddbeabd,4
eddbeabe,31
eddbeacc,1
eddbeace,13
eddbebad,26
eddbebae,229
eddbebbd,7
eddbebbe,105
eddbebce,70
eddbecae,25
eddbecbe,58
eddbeccd,1
eddbecce,61
eddbedac,1
eddbedad,9
eddbedae,92
eddbedbd,4
eddbedbe,91
eddbedcc,1
eddbedcd,3
eddbedce,79
eddcaaae,5
eddcaabe,4
eddcaace,26
eddcabae,26
eddcabbe,29
eddcabce,93
eddcacae,10
eddcacbe,35
eddcacce,24
eddcadae,41
eddcadbe,36
eddcadce,11
eddcbaae,6
eddcbabe,4
eddcbace,20
eddcbbae,34
eddcbbbe,35
eddcbbce,71
eddcbcae,7
eddcbcbe,24
eddcbcce,27
eddcbdae,39
eddcbdbe,32
eddcbdce,15
eddccaae,9
eddccabe,9
eddccace,15
eddccbae,59
eddccbbe,54
eddccbce,81
eddcccae,17
eddcccbe,36
eddcccce,58
eddccdae,47
eddccdbe,69
eddccdce,46
eddcdaae,5
eddcdabe,2
eddcdace,6
eddcdbae,27
eddcdbbe,33
eddcdbce,30
eddcdcae,16
eddcdcbe,13
eddcdcce,36
eddcddae,50
eddcddbe,73
eddcddce,28
eddceaae,45
eddceabe,26
eddceace,8
eddcebae,140
eddcebbe,133
eddcebce,80
eddcecae,48
eddcecbe,92
eddcecce,75
eddcedae,39
eddcedbe,78
eddcedce,52
edddabae,1
edddabbe,4
edddabce,1
edddacbe,5
edddadae,31
edddadbe,57
edddadce,14
edddbbae,1
edddbbbe,1
edddbbce,2
edddbdae,24
edddbdbe,31
edddbdce,3
edddcaae,6
edddcabe,2
edddcbae,5
edddcbbe,1
edddcbce,1
edddccbe,2
edddccce,1
edddcdae,173
edddcdbe,32
edddcdce,12
eddddaae,50
eddddabe,7
eddddace,3
eddddbae,48
eddddbbe,14
eddddbce,3
eddddcae,6
eddddcce,1
edddddae,229
edddddbe,40
edddddce,20
edddeaae,339
edddeabe,45
edddeace,7
edddebae,564
edddebbe,197
edddebce,29
edddecae,55
edddecbe,69
edddecce,22
edddedae,88
edddedbe,66
edddedce,36
